Name;Color;Size;UnitPriceDiscount;MonthsFromMay;MonthOfSale;YearsOfAveliability;Weight;Class;StanstadCost;ListPrice;FinalSellPrice;PriceToCost;OrdersQuantity;YearsOfAnalyze
Mountain Bikes;Black;38;0,02;7;12;0;25.35;"M ";598,4354;1079,99;613,8663;1,0257;11;06.2012-06.2013
Mountain Bikes;Black;38;0,00;8;1;0;25.35;"M ";598,4354;1079,99;647,994;1,0828;54;06.2012-06.2013
Mountain Bikes;Black;38;0,00;9;2;0;25.35;"M ";598,4354;1079,99;647,994;1,0828;51;06.2012-06.2013
Mountain Bikes;Black;38;0,00;10;3;0;25.35;"M ";598,4354;1079,99;647,994;1,0828;66;06.2012-06.2013
Mountain Bikes;Black;38;0,00;11;4;0;25.35;"M ";598,4354;1079,99;647,994;1,0828;54;06.2012-06.2013
Mountain Bikes;Black;38;0,00;1;6;0;25.35;"M ";598,4354;1079,99;647,994;1,0828;66;06.2012-06.2013
Mountain Bikes;Black;38;0,00;2;7;0;25.35;"M ";598,4354;1079,99;647,994;1,0828;47;06.2012-06.2013
Mountain Bikes;Black;38;0,00;3;8;0;25.35;"M ";598,4354;1079,99;647,994;1,0828;49;06.2012-06.2013
Mountain Bikes;Black;38;0,00;4;9;0;25.35;"M ";598,4354;1079,99;647,994;1,0828;66;06.2012-06.2013
Mountain Bikes;Black;38;0,00;5;10;0;25.35;"M ";598,4354;1079,99;647,994;1,0828;61;06.2012-06.2013
Mountain Bikes;Black;38;0,00;6;11;0;25.35;"M ";598,4354;1079,99;647,994;1,0828;45;06.2012-06.2013
Mountain Bikes;Black;38;0,00;7;12;0;25.35;"M ";598,4354;1079,99;647,994;1,0828;47;06.2012-06.2013
Mountain Bikes;Black;38;0,02;2;7;0;23.35;"H ";1251,9813;2294,99;1164,7075;0,9302;28;06.2012-06.2013
Mountain Bikes;Black;38;0,00;8;1;0;23.35;"H ";1251,9813;2294,99;1229,4589;0,982;71;06.2012-06.2013
Mountain Bikes;Black;38;0,00;9;2;0;23.35;"H ";1251,9813;2294,99;1229,4589;0,982;86;06.2012-06.2013
Mountain Bikes;Black;38;0,00;10;3;0;23.35;"H ";1251,9813;2294,99;1229,4589;0,982;122;06.2012-06.2013
Mountain Bikes;Black;38;0,00;11;4;0;23.35;"H ";1251,9813;2294,99;1229,4589;0,982;95;06.2012-06.2013
Mountain Bikes;Black;38;0,00;1;6;0;23.35;"H ";1251,9813;2294,99;1229,4589;0,982;132;06.2012-06.2013
Mountain Bikes;Black;38;0,00;2;7;0;23.35;"H ";1251,9813;2294,99;1229,4589;0,982;102;06.2012-06.2013
Mountain Bikes;Black;38;0,00;3;8;0;23.35;"H ";1251,9813;2294,99;1229,4589;0,982;60;06.2012-06.2013
Mountain Bikes;Black;38;0,00;4;9;0;23.35;"H ";1251,9813;2294,99;1229,4589;0,982;137;06.2012-06.2013
Mountain Bikes;Black;38;0,00;5;10;0;23.35;"H ";1251,9813;2294,99;1229,4589;0,982;102;06.2012-06.2013
Mountain Bikes;Black;38;0,00;6;11;0;23.35;"H ";1251,9813;2294,99;1229,4589;0,982;60;06.2012-06.2013
Mountain Bikes;Black;38;0,00;7;12;0;23.35;"H ";1251,9813;2294,99;1229,4589;0,982;120;06.2012-06.2013
Mountain Bikes;Black;38;0,00;8;1;0;23.35;"H ";1251,9813;2294,99;2049,0982;1,6366;22;06.2012-06.2013
Mountain Bikes;Black;38;0,00;9;2;0;23.35;"H ";1251,9813;2294,99;2049,0982;1,6366;14;06.2012-06.2013
Mountain Bikes;Black;38;0,00;10;3;0;23.35;"H ";1251,9813;2294,99;2049,0982;1,6366;19;06.2012-06.2013
Mountain Bikes;Black;38;0,00;11;4;0;23.35;"H ";1251,9813;2294,99;2049,0982;1,6366;23;06.2012-06.2013
Mountain Bikes;Black;38;0,00;12;5;0;23.35;"H ";1251,9813;2294,99;2049,0982;1,6366;24;06.2012-06.2013
Mountain Bikes;Black;38;0,00;1;6;0;23.35;"H ";1251,9813;2294,99;2049,0982;1,6366;7;06.2012-06.2013
Mountain Bikes;Black;38;0,00;2;7;0;23.35;"H ";1251,9813;2294,99;2049,0982;1,6366;6;06.2012-06.2013
Mountain Bikes;Black;38;0,00;3;8;0;23.35;"H ";1251,9813;2294,99;2049,0982;1,6366;6;06.2012-06.2013
Mountain Bikes;Black;38;0,00;4;9;0;23.35;"H ";1251,9813;2294,99;2049,0982;1,6366;13;06.2012-06.2013
Mountain Bikes;Black;38;0,00;5;10;0;23.35;"H ";1251,9813;2294,99;2049,0982;1,6366;3;06.2012-06.2013
Mountain Bikes;Black;38;0,00;6;11;0;23.35;"H ";1251,9813;2294,99;2049,0982;1,6366;16;06.2012-06.2013
Mountain Bikes;Black;38;0,00;7;12;0;23.35;"H ";1251,9813;2294,99;2049,0982;1,6366;12;06.2012-06.2013
Mountain Bikes;Black;40;0,02;9;2;0;25.77;"M ";598,4354;1079,99;613,8663;1,0257;11;06.2012-06.2013
Mountain Bikes;Black;40;0,02;7;12;0;25.77;"M ";598,4354;1079,99;613,8663;1,0257;13;06.2012-06.2013
Mountain Bikes;Black;40;0,00;8;1;0;25.77;"M ";598,4354;1079,99;647,994;1,0828;55;06.2012-06.2013
Mountain Bikes;Black;40;0,00;9;2;0;25.77;"M ";598,4354;1079,99;647,994;1,0828;55;06.2012-06.2013
Mountain Bikes;Black;40;0,00;10;3;0;25.77;"M ";598,4354;1079,99;647,994;1,0828;60;06.2012-06.2013
Mountain Bikes;Black;40;0,00;11;4;0;25.77;"M ";598,4354;1079,99;647,994;1,0828;53;06.2012-06.2013
Mountain Bikes;Black;40;0,00;1;6;0;25.77;"M ";598,4354;1079,99;647,994;1,0828;86;06.2012-06.2013
Mountain Bikes;Black;40;0,00;2;7;0;25.77;"M ";598,4354;1079,99;647,994;1,0828;87;06.2012-06.2013
Mountain Bikes;Black;40;0,00;3;8;0;25.77;"M ";598,4354;1079,99;647,994;1,0828;56;06.2012-06.2013
Mountain Bikes;Black;40;0,00;4;9;0;25.77;"M ";598,4354;1079,99;647,994;1,0828;76;06.2012-06.2013
Mountain Bikes;Black;40;0,00;5;10;0;25.77;"M ";598,4354;1079,99;647,994;1,0828;69;06.2012-06.2013
Mountain Bikes;Black;40;0,00;6;11;0;25.77;"M ";598,4354;1079,99;647,994;1,0828;44;06.2012-06.2013
Mountain Bikes;Black;40;0,00;7;12;0;25.77;"M ";598,4354;1079,99;647,994;1,0828;55;06.2012-06.2013
Mountain Bikes;Black;42;0,05;2;7;0;23.77;"H ";1251,9813;2294,99;1070,6538;0,8551;15;06.2012-06.2013
Mountain Bikes;Black;42;0,02;7;12;0;23.77;"H ";1251,9813;2294,99;1164,7075;0,9302;11;06.2012-06.2013
Mountain Bikes;Black;42;0,00;8;1;0;23.77;"H ";1251,9813;2294,99;1229,4589;0,982;62;06.2012-06.2013
Mountain Bikes;Black;42;0,00;9;2;0;23.77;"H ";1251,9813;2294,99;1229,4589;0,982;67;06.2012-06.2013
Mountain Bikes;Black;42;0,00;10;3;0;23.77;"H ";1251,9813;2294,99;1229,4589;0,982;109;06.2012-06.2013
Mountain Bikes;Black;42;0,00;11;4;0;23.77;"H ";1251,9813;2294,99;1229,4589;0,982;79;06.2012-06.2013
Mountain Bikes;Black;42;0,00;1;6;0;23.77;"H ";1251,9813;2294,99;1229,4589;0,982;120;06.2012-06.2013
Mountain Bikes;Black;42;0,00;2;7;0;23.77;"H ";1251,9813;2294,99;1229,4589;0,982;119;06.2012-06.2013
Mountain Bikes;Black;42;0,00;3;8;0;23.77;"H ";1251,9813;2294,99;1229,4589;0,982;61;06.2012-06.2013
Mountain Bikes;Black;42;0,00;4;9;0;23.77;"H ";1251,9813;2294,99;1229,4589;0,982;145;06.2012-06.2013
Mountain Bikes;Black;42;0,00;5;10;0;23.77;"H ";1251,9813;2294,99;1229,4589;0,982;91;06.2012-06.2013
Mountain Bikes;Black;42;0,00;6;11;0;23.77;"H ";1251,9813;2294,99;1229,4589;0,982;57;06.2012-06.2013
Mountain Bikes;Black;42;0,00;7;12;0;23.77;"H ";1251,9813;2294,99;1229,4589;0,982;92;06.2012-06.2013
Mountain Bikes;Black;42;0,00;8;1;0;23.77;"H ";1251,9813;2294,99;2049,0982;1,6366;16;06.2012-06.2013
Mountain Bikes;Black;42;0,00;9;2;0;23.77;"H ";1251,9813;2294,99;2049,0982;1,6366;12;06.2012-06.2013
Mountain Bikes;Black;42;0,00;10;3;0;23.77;"H ";1251,9813;2294,99;2049,0982;1,6366;19;06.2012-06.2013
Mountain Bikes;Black;42;0,00;11;4;0;23.77;"H ";1251,9813;2294,99;2049,0982;1,6366;25;06.2012-06.2013
Mountain Bikes;Black;42;0,00;12;5;0;23.77;"H ";1251,9813;2294,99;2049,0982;1,6366;19;06.2012-06.2013
Mountain Bikes;Black;42;0,00;1;6;0;23.77;"H ";1251,9813;2294,99;2049,0982;1,6366;11;06.2012-06.2013
Mountain Bikes;Black;42;0,00;2;7;0;23.77;"H ";1251,9813;2294,99;2049,0982;1,6366;15;06.2012-06.2013
Mountain Bikes;Black;42;0,00;3;8;0;23.77;"H ";1251,9813;2294,99;2049,0982;1,6366;7;06.2012-06.2013
Mountain Bikes;Black;42;0,00;4;9;0;23.77;"H ";1251,9813;2294,99;2049,0982;1,6366;12;06.2012-06.2013
Mountain Bikes;Black;42;0,00;5;10;0;23.77;"H ";1251,9813;2294,99;2049,0982;1,6366;11;06.2012-06.2013
Mountain Bikes;Black;42;0,00;6;11;0;23.77;"H ";1251,9813;2294,99;2049,0982;1,6366;22;06.2012-06.2013
Mountain Bikes;Black;42;0,00;7;12;0;23.77;"H ";1251,9813;2294,99;2049,0982;1,6366;18;06.2012-06.2013
Mountain Bikes;Black;44;0,00;8;1;0;26.13;"M ";598,4354;1079,99;647,994;1,0828;54;06.2012-06.2013
Mountain Bikes;Black;44;0,00;9;2;0;26.13;"M ";598,4354;1079,99;647,994;1,0828;57;06.2012-06.2013
Mountain Bikes;Black;44;0,00;10;3;0;26.13;"M ";598,4354;1079,99;647,994;1,0828;72;06.2012-06.2013
Mountain Bikes;Black;44;0,00;11;4;0;26.13;"M ";598,4354;1079,99;647,994;1,0828;48;06.2012-06.2013
Mountain Bikes;Black;44;0,00;1;6;0;26.13;"M ";598,4354;1079,99;647,994;1,0828;89;06.2012-06.2013
Mountain Bikes;Black;44;0,00;2;7;0;26.13;"M ";598,4354;1079,99;647,994;1,0828;72;06.2012-06.2013
Mountain Bikes;Black;44;0,00;3;8;0;26.13;"M ";598,4354;1079,99;647,994;1,0828;58;06.2012-06.2013
Mountain Bikes;Black;44;0,00;4;9;0;26.13;"M ";598,4354;1079,99;647,994;1,0828;66;06.2012-06.2013
Mountain Bikes;Black;44;0,00;5;10;0;26.13;"M ";598,4354;1079,99;647,994;1,0828;61;06.2012-06.2013
Mountain Bikes;Black;44;0,00;6;11;0;26.13;"M ";598,4354;1079,99;647,994;1,0828;42;06.2012-06.2013
Mountain Bikes;Black;44;0,00;7;12;0;26.13;"M ";598,4354;1079,99;647,994;1,0828;70;06.2012-06.2013
Mountain Bikes;Black;46;0,02;2;7;0;24.13;"H ";1251,9813;2294,99;1164,7075;0,9302;11;06.2012-06.2013
Mountain Bikes;Black;46;0,02;3;8;0;24.13;"H ";1251,9813;2294,99;1164,7075;0,9302;12;06.2012-06.2013
Mountain Bikes;Black;46;0,00;8;1;0;24.13;"H ";1251,9813;2294,99;1229,4589;0,982;49;06.2012-06.2013
Mountain Bikes;Black;46;0,00;9;2;0;24.13;"H ";1251,9813;2294,99;1229,4589;0,982;57;06.2012-06.2013
Mountain Bikes;Black;46;0,00;10;3;0;24.13;"H ";1251,9813;2294,99;1229,4589;0,982;60;06.2012-06.2013
Mountain Bikes;Black;46;0,00;11;4;0;24.13;"H ";1251,9813;2294,99;1229,4589;0,982;63;06.2012-06.2013
Mountain Bikes;Black;46;0,00;1;6;0;24.13;"H ";1251,9813;2294,99;1229,4589;0,982;79;06.2012-06.2013
Mountain Bikes;Black;46;0,00;2;7;0;24.13;"H ";1251,9813;2294,99;1229,4589;0,982;75;06.2012-06.2013
Mountain Bikes;Black;46;0,00;3;8;0;24.13;"H ";1251,9813;2294,99;1229,4589;0,982;37;06.2012-06.2013
Mountain Bikes;Black;46;0,00;4;9;0;24.13;"H ";1251,9813;2294,99;1229,4589;0,982;81;06.2012-06.2013
Mountain Bikes;Black;46;0,00;5;10;0;24.13;"H ";1251,9813;2294,99;1229,4589;0,982;57;06.2012-06.2013
Mountain Bikes;Black;46;0,00;6;11;0;24.13;"H ";1251,9813;2294,99;1229,4589;0,982;42;06.2012-06.2013
Mountain Bikes;Black;46;0,00;7;12;0;24.13;"H ";1251,9813;2294,99;1229,4589;0,982;72;06.2012-06.2013
Mountain Bikes;Black;46;0,00;8;1;0;24.13;"H ";1251,9813;2294,99;2049,0982;1,6366;23;06.2012-06.2013
Mountain Bikes;Black;46;0,00;9;2;0;24.13;"H ";1251,9813;2294,99;2049,0982;1,6366;20;06.2012-06.2013
Mountain Bikes;Black;46;0,00;10;3;0;24.13;"H ";1251,9813;2294,99;2049,0982;1,6366;17;06.2012-06.2013
Mountain Bikes;Black;46;0,00;11;4;0;24.13;"H ";1251,9813;2294,99;2049,0982;1,6366;23;06.2012-06.2013
Mountain Bikes;Black;46;0,00;12;5;0;24.13;"H ";1251,9813;2294,99;2049,0982;1,6366;17;06.2012-06.2013
Mountain Bikes;Black;46;0,00;1;6;0;24.13;"H ";1251,9813;2294,99;2049,0982;1,6366;14;06.2012-06.2013
Mountain Bikes;Black;46;0,00;2;7;0;24.13;"H ";1251,9813;2294,99;2049,0982;1,6366;14;06.2012-06.2013
Mountain Bikes;Black;46;0,00;3;8;0;24.13;"H ";1251,9813;2294,99;2049,0982;1,6366;9;06.2012-06.2013
Mountain Bikes;Black;46;0,00;4;9;0;24.13;"H ";1251,9813;2294,99;2049,0982;1,6366;8;06.2012-06.2013
Mountain Bikes;Black;46;0,00;5;10;0;24.13;"H ";1251,9813;2294,99;2049,0982;1,6366;9;06.2012-06.2013
Mountain Bikes;Black;46;0,00;6;11;0;24.13;"H ";1251,9813;2294,99;2049,0982;1,6366;25;06.2012-06.2013
Mountain Bikes;Black;46;0,00;7;12;0;24.13;"H ";1251,9813;2294,99;2049,0982;1,6366;21;06.2012-06.2013
Mountain Bikes;Black;48;0,02;7;12;0;26.42;"M ";598,4354;1079,99;613,8663;1,0257;13;06.2012-06.2013
Mountain Bikes;Black;48;0,00;8;1;0;26.42;"M ";598,4354;1079,99;647,994;1,0828;54;06.2012-06.2013
Mountain Bikes;Black;48;0,00;9;2;0;26.42;"M ";598,4354;1079,99;647,994;1,0828;58;06.2012-06.2013
Mountain Bikes;Black;48;0,00;10;3;0;26.42;"M ";598,4354;1079,99;647,994;1,0828;76;06.2012-06.2013
Mountain Bikes;Black;48;0,00;11;4;0;26.42;"M ";598,4354;1079,99;647,994;1,0828;42;06.2012-06.2013
Mountain Bikes;Black;48;0,00;1;6;0;26.42;"M ";598,4354;1079,99;647,994;1,0828;72;06.2012-06.2013
Mountain Bikes;Black;48;0,00;2;7;0;26.42;"M ";598,4354;1079,99;647,994;1,0828;83;06.2012-06.2013
Mountain Bikes;Black;48;0,00;3;8;0;26.42;"M ";598,4354;1079,99;647,994;1,0828;57;06.2012-06.2013
Mountain Bikes;Black;48;0,00;4;9;0;26.42;"M ";598,4354;1079,99;647,994;1,0828;65;06.2012-06.2013
Mountain Bikes;Black;48;0,00;5;10;0;26.42;"M ";598,4354;1079,99;647,994;1,0828;56;06.2012-06.2013
Mountain Bikes;Black;48;0,00;6;11;0;26.42;"M ";598,4354;1079,99;647,994;1,0828;44;06.2012-06.2013
Mountain Bikes;Black;48;0,00;7;12;0;26.42;"M ";598,4354;1079,99;647,994;1,0828;53;06.2012-06.2013
Mountain Bikes;Silver;38;0,02;2;7;0;23.35;"H ";1265,6195;2319,99;1177,3949;0,9302;11;06.2012-06.2013
Mountain Bikes;Silver;38;0,02;4;9;0;23.35;"H ";1265,6195;2319,99;1177,3949;0,9302;12;06.2012-06.2013
Mountain Bikes;Silver;38;0,00;8;1;0;23.35;"H ";1265,6195;2319,99;1242,8518;0,982;64;06.2012-06.2013
Mountain Bikes;Silver;38;0,00;9;2;0;23.35;"H ";1265,6195;2319,99;1242,8518;0,982;73;06.2012-06.2013
Mountain Bikes;Silver;38;0,00;10;3;0;23.35;"H ";1265,6195;2319,99;1242,8518;0,982;91;06.2012-06.2013
Mountain Bikes;Silver;38;0,00;11;4;0;23.35;"H ";1265,6195;2319,99;1242,8518;0,982;80;06.2012-06.2013
Mountain Bikes;Silver;38;0,00;1;6;0;23.35;"H ";1265,6195;2319,99;1242,8518;0,982;112;06.2012-06.2013
Mountain Bikes;Silver;38;0,00;2;7;0;23.35;"H ";1265,6195;2319,99;1242,8518;0,982;95;06.2012-06.2013
Mountain Bikes;Silver;38;0,00;3;8;0;23.35;"H ";1265,6195;2319,99;1242,8518;0,982;52;06.2012-06.2013
Mountain Bikes;Silver;38;0,00;4;9;0;23.35;"H ";1265,6195;2319,99;1242,8518;0,982;80;06.2012-06.2013
Mountain Bikes;Silver;38;0,00;5;10;0;23.35;"H ";1265,6195;2319,99;1242,8518;0,982;71;06.2012-06.2013
Mountain Bikes;Silver;38;0,00;6;11;0;23.35;"H ";1265,6195;2319,99;1242,8518;0,982;56;06.2012-06.2013
Mountain Bikes;Silver;38;0,00;7;12;0;23.35;"H ";1265,6195;2319,99;1242,8518;0,982;74;06.2012-06.2013
Mountain Bikes;Silver;38;0,00;8;1;0;23.35;"H ";1265,6195;2319,99;2071,4196;1,6366;17;06.2012-06.2013
Mountain Bikes;Silver;38;0,00;9;2;0;23.35;"H ";1265,6195;2319,99;2071,4196;1,6366;18;06.2012-06.2013
Mountain Bikes;Silver;38;0,00;10;3;0;23.35;"H ";1265,6195;2319,99;2071,4196;1,6366;15;06.2012-06.2013
Mountain Bikes;Silver;38;0,00;11;4;0;23.35;"H ";1265,6195;2319,99;2071,4196;1,6366;17;06.2012-06.2013
Mountain Bikes;Silver;38;0,00;12;5;0;23.35;"H ";1265,6195;2319,99;2071,4196;1,6366;22;06.2012-06.2013
Mountain Bikes;Silver;38;0,00;1;6;0;23.35;"H ";1265,6195;2319,99;2071,4196;1,6366;6;06.2012-06.2013
Mountain Bikes;Silver;38;0,00;2;7;0;23.35;"H ";1265,6195;2319,99;2071,4196;1,6366;8;06.2012-06.2013
Mountain Bikes;Silver;38;0,00;3;8;0;23.35;"H ";1265,6195;2319,99;2071,4196;1,6366;11;06.2012-06.2013
Mountain Bikes;Silver;38;0,00;4;9;0;23.35;"H ";1265,6195;2319,99;2071,4196;1,6366;12;06.2012-06.2013
Mountain Bikes;Silver;38;0,00;5;10;0;23.35;"H ";1265,6195;2319,99;2071,4196;1,6366;8;06.2012-06.2013
Mountain Bikes;Silver;38;0,00;6;11;0;23.35;"H ";1265,6195;2319,99;2071,4196;1,6366;22;06.2012-06.2013
Mountain Bikes;Silver;38;0,00;7;12;0;23.35;"H ";1265,6195;2319,99;2071,4196;1,6366;18;06.2012-06.2013
Mountain Bikes;Silver;42;0,02;2;7;0;23.77;"H ";1265,6195;2319,99;1177,3949;0,9302;11;06.2012-06.2013
Mountain Bikes;Silver;42;0,02;5;10;0;23.77;"H ";1265,6195;2319,99;1177,3949;0,9302;13;06.2012-06.2013
Mountain Bikes;Silver;42;0,02;6;11;0;23.77;"H ";1265,6195;2319,99;1177,3949;0,9302;11;06.2012-06.2013
Mountain Bikes;Silver;42;0,00;8;1;0;23.77;"H ";1265,6195;2319,99;1242,8518;0,982;52;06.2012-06.2013
Mountain Bikes;Silver;42;0,00;9;2;0;23.77;"H ";1265,6195;2319,99;1242,8518;0,982;63;06.2012-06.2013
Mountain Bikes;Silver;42;0,00;10;3;0;23.77;"H ";1265,6195;2319,99;1242,8518;0,982;70;06.2012-06.2013
Mountain Bikes;Silver;42;0,00;11;4;0;23.77;"H ";1265,6195;2319,99;1242,8518;0,982;53;06.2012-06.2013
Mountain Bikes;Silver;42;0,00;1;6;0;23.77;"H ";1265,6195;2319,99;1242,8518;0,982;130;06.2012-06.2013
Mountain Bikes;Silver;42;0,00;2;7;0;23.77;"H ";1265,6195;2319,99;1242,8518;0,982;102;06.2012-06.2013
Mountain Bikes;Silver;42;0,00;3;8;0;23.77;"H ";1265,6195;2319,99;1242,8518;0,982;69;06.2012-06.2013
Mountain Bikes;Silver;42;0,00;4;9;0;23.77;"H ";1265,6195;2319,99;1242,8518;0,982;105;06.2012-06.2013
Mountain Bikes;Silver;42;0,00;5;10;0;23.77;"H ";1265,6195;2319,99;1242,8518;0,982;82;06.2012-06.2013
Mountain Bikes;Silver;42;0,00;6;11;0;23.77;"H ";1265,6195;2319,99;1242,8518;0,982;40;06.2012-06.2013
Mountain Bikes;Silver;42;0,00;7;12;0;23.77;"H ";1265,6195;2319,99;1242,8518;0,982;76;06.2012-06.2013
Mountain Bikes;Silver;42;0,00;8;1;0;23.77;"H ";1265,6195;2319,99;2071,4196;1,6366;16;06.2012-06.2013
Mountain Bikes;Silver;42;0,00;9;2;0;23.77;"H ";1265,6195;2319,99;2071,4196;1,6366;10;06.2012-06.2013
Mountain Bikes;Silver;42;0,00;10;3;0;23.77;"H ";1265,6195;2319,99;2071,4196;1,6366;22;06.2012-06.2013
Mountain Bikes;Silver;42;0,00;11;4;0;23.77;"H ";1265,6195;2319,99;2071,4196;1,6366;20;06.2012-06.2013
Mountain Bikes;Silver;42;0,00;12;5;0;23.77;"H ";1265,6195;2319,99;2071,4196;1,6366;21;06.2012-06.2013
Mountain Bikes;Silver;42;0,00;1;6;0;23.77;"H ";1265,6195;2319,99;2071,4196;1,6366;10;06.2012-06.2013
Mountain Bikes;Silver;42;0,00;2;7;0;23.77;"H ";1265,6195;2319,99;2071,4196;1,6366;9;06.2012-06.2013
Mountain Bikes;Silver;42;0,00;3;8;0;23.77;"H ";1265,6195;2319,99;2071,4196;1,6366;8;06.2012-06.2013
Mountain Bikes;Silver;42;0,00;4;9;0;23.77;"H ";1265,6195;2319,99;2071,4196;1,6366;11;06.2012-06.2013
Mountain Bikes;Silver;42;0,00;5;10;0;23.77;"H ";1265,6195;2319,99;2071,4196;1,6366;10;06.2012-06.2013
Mountain Bikes;Silver;42;0,00;6;11;0;23.77;"H ";1265,6195;2319,99;2071,4196;1,6366;17;06.2012-06.2013
Mountain Bikes;Silver;42;0,00;7;12;0;23.77;"H ";1265,6195;2319,99;2071,4196;1,6366;13;06.2012-06.2013
Mountain Bikes;Silver;46;0,02;10;3;0;24.13;"H ";1265,6195;2319,99;1177,3949;0,9302;12;06.2012-06.2013
Mountain Bikes;Silver;46;0,02;1;6;0;24.13;"H ";1265,6195;2319,99;1177,3949;0,9302;12;06.2012-06.2013
Mountain Bikes;Silver;46;0,02;5;10;0;24.13;"H ";1265,6195;2319,99;1177,3949;0,9302;12;06.2012-06.2013
Mountain Bikes;Silver;46;0,00;8;1;0;24.13;"H ";1265,6195;2319,99;1242,8518;0,982;59;06.2012-06.2013
Mountain Bikes;Silver;46;0,00;9;2;0;24.13;"H ";1265,6195;2319,99;1242,8518;0,982;60;06.2012-06.2013
Mountain Bikes;Silver;46;0,00;10;3;0;24.13;"H ";1265,6195;2319,99;1242,8518;0,982;63;06.2012-06.2013
Mountain Bikes;Silver;46;0,00;11;4;0;24.13;"H ";1265,6195;2319,99;1242,8518;0,982;51;06.2012-06.2013
Mountain Bikes;Silver;46;0,00;1;6;0;24.13;"H ";1265,6195;2319,99;1242,8518;0,982;125;06.2012-06.2013
Mountain Bikes;Silver;46;0,00;2;7;0;24.13;"H ";1265,6195;2319,99;1242,8518;0,982;106;06.2012-06.2013
Mountain Bikes;Silver;46;0,00;3;8;0;24.13;"H ";1265,6195;2319,99;1242,8518;0,982;61;06.2012-06.2013
Mountain Bikes;Silver;46;0,00;4;9;0;24.13;"H ";1265,6195;2319,99;1242,8518;0,982;90;06.2012-06.2013
Mountain Bikes;Silver;46;0,00;5;10;0;24.13;"H ";1265,6195;2319,99;1242,8518;0,982;93;06.2012-06.2013
Mountain Bikes;Silver;46;0,00;6;11;0;24.13;"H ";1265,6195;2319,99;1242,8518;0,982;47;06.2012-06.2013
Mountain Bikes;Silver;46;0,00;7;12;0;24.13;"H ";1265,6195;2319,99;1242,8518;0,982;74;06.2012-06.2013
Mountain Bikes;Silver;46;0,00;8;1;0;24.13;"H ";1265,6195;2319,99;2071,4196;1,6366;20;06.2012-06.2013
Mountain Bikes;Silver;46;0,00;9;2;0;24.13;"H ";1265,6195;2319,99;2071,4196;1,6366;21;06.2012-06.2013
Mountain Bikes;Silver;46;0,00;10;3;0;24.13;"H ";1265,6195;2319,99;2071,4196;1,6366;29;06.2012-06.2013
Mountain Bikes;Silver;46;0,00;11;4;0;24.13;"H ";1265,6195;2319,99;2071,4196;1,6366;16;06.2012-06.2013
Mountain Bikes;Silver;46;0,00;12;5;0;24.13;"H ";1265,6195;2319,99;2071,4196;1,6366;30;06.2012-06.2013
Mountain Bikes;Silver;46;0,00;1;6;0;24.13;"H ";1265,6195;2319,99;2071,4196;1,6366;6;06.2012-06.2013
Mountain Bikes;Silver;46;0,00;2;7;0;24.13;"H ";1265,6195;2319,99;2071,4196;1,6366;11;06.2012-06.2013
Mountain Bikes;Silver;46;0,00;3;8;0;24.13;"H ";1265,6195;2319,99;2071,4196;1,6366;6;06.2012-06.2013
Mountain Bikes;Silver;46;0,00;4;9;0;24.13;"H ";1265,6195;2319,99;2071,4196;1,6366;11;06.2012-06.2013
Mountain Bikes;Silver;46;0,00;5;10;0;24.13;"H ";1265,6195;2319,99;2071,4196;1,6366;8;06.2012-06.2013
Mountain Bikes;Silver;46;0,00;6;11;0;24.13;"H ";1265,6195;2319,99;2071,4196;1,6366;8;06.2012-06.2013
Mountain Bikes;Silver;46;0,00;7;12;0;24.13;"H ";1265,6195;2319,99;2071,4196;1,6366;13;06.2012-06.2013
Road Bikes;Black;44;0,02;9;2;1;18.77;"L ";486,7066;782,99;445,0515;0,9144;12;06.2012-06.2013
Road Bikes;Black;44;0,00;8;1;1;18.77;"L ";486,7066;782,99;469,794;0,9652;41;06.2012-06.2013
Road Bikes;Black;44;0,00;9;2;1;18.77;"L ";486,7066;782,99;469,794;0,9652;43;06.2012-06.2013
Road Bikes;Black;44;0,00;10;3;1;18.77;"L ";486,7066;782,99;469,794;0,9652;81;06.2012-06.2013
Road Bikes;Black;44;0,00;11;4;1;18.77;"L ";486,7066;782,99;469,794;0,9652;34;06.2012-06.2013
Road Bikes;Black;44;0,00;1;6;1;18.77;"L ";486,7066;782,99;469,794;0,9652;84;06.2012-06.2013
Road Bikes;Black;44;0,00;2;7;1;18.77;"L ";486,7066;782,99;469,794;0,9652;57;06.2012-06.2013
Road Bikes;Black;44;0,00;3;8;1;18.77;"L ";486,7066;782,99;469,794;0,9652;51;06.2012-06.2013
Road Bikes;Black;44;0,00;4;9;1;18.77;"L ";486,7066;782,99;469,794;0,9652;67;06.2012-06.2013
Road Bikes;Black;44;0,00;5;10;1;18.77;"L ";486,7066;782,99;469,794;0,9652;52;06.2012-06.2013
Road Bikes;Black;44;0,00;6;11;1;18.77;"L ";486,7066;782,99;469,794;0,9652;36;06.2012-06.2013
Road Bikes;Black;44;0,00;7;12;1;18.77;"L ";486,7066;782,99;469,794;0,9652;76;06.2012-06.2013
Road Bikes;Black;44;0,00;8;1;1;18.77;"L ";486,7066;782,99;782,99;1,6087;3;06.2012-06.2013
Road Bikes;Black;44;0,00;9;2;1;18.77;"L ";486,7066;782,99;782,99;1,6087;4;06.2012-06.2013
Road Bikes;Black;44;0,00;10;3;1;18.77;"L ";486,7066;782,99;782,99;1,6087;3;06.2012-06.2013
Road Bikes;Black;44;0,00;11;4;1;18.77;"L ";486,7066;782,99;782,99;1,6087;5;06.2012-06.2013
Road Bikes;Black;44;0,00;12;5;1;18.77;"L ";486,7066;782,99;782,99;1,6087;3;06.2012-06.2013
Road Bikes;Black;44;0,00;1;6;1;18.77;"L ";486,7066;782,99;782,99;1,6087;1;06.2012-06.2013
Road Bikes;Black;44;0,00;2;7;1;18.77;"L ";486,7066;782,99;782,99;1,6087;4;06.2012-06.2013
Road Bikes;Black;44;0,00;3;8;1;18.77;"L ";486,7066;782,99;782,99;1,6087;3;06.2012-06.2013
Road Bikes;Black;44;0,00;4;9;1;18.77;"L ";486,7066;782,99;782,99;1,6087;4;06.2012-06.2013
Road Bikes;Black;44;0,00;5;10;1;18.77;"L ";486,7066;782,99;782,99;1,6087;2;06.2012-06.2013
Road Bikes;Black;44;0,00;6;11;1;18.77;"L ";486,7066;782,99;782,99;1,6087;8;06.2012-06.2013
Road Bikes;Black;44;0,00;7;12;1;18.77;"L ";486,7066;782,99;782,99;1,6087;2;06.2012-06.2013
Road Bikes;Black;44;0,02;2;7;0;14.77;"H ";1554,9479;2443,35;1240,0002;0,7974;23;06.2012-06.2013
Road Bikes;Black;44;0,02;3;8;0;14.77;"H ";1554,9479;2443,35;1240,0002;0,7974;11;06.2012-06.2013
Road Bikes;Black;44;0,02;5;10;0;14.77;"H ";1554,9479;2443,35;1240,0002;0,7974;11;06.2012-06.2013
Road Bikes;Black;44;0,00;8;1;0;14.77;"H ";1554,9479;2443,35;1308,9375;0,8417;36;06.2012-06.2013
Road Bikes;Black;44;0,00;9;2;0;14.77;"H ";1554,9479;2443,35;1308,9375;0,8417;49;06.2012-06.2013
Road Bikes;Black;44;0,00;10;3;0;14.77;"H ";1554,9479;2443,35;1308,9375;0,8417;85;06.2012-06.2013
Road Bikes;Black;44;0,00;11;4;0;14.77;"H ";1554,9479;2443,35;1308,9375;0,8417;47;06.2012-06.2013
Road Bikes;Black;44;0,00;1;6;0;14.77;"H ";1554,9479;2443,35;1308,9375;0,8417;88;06.2012-06.2013
Road Bikes;Black;44;0,00;2;7;0;14.77;"H ";1554,9479;2443,35;1308,9375;0,8417;48;06.2012-06.2013
Road Bikes;Black;44;0,00;3;8;0;14.77;"H ";1554,9479;2443,35;1308,9375;0,8417;50;06.2012-06.2013
Road Bikes;Black;44;0,00;4;9;0;14.77;"H ";1554,9479;2443,35;1308,9375;0,8417;75;06.2012-06.2013
Road Bikes;Black;44;0,00;5;10;0;14.77;"H ";1554,9479;2443,35;1308,9375;0,8417;43;06.2012-06.2013
Road Bikes;Black;44;0,00;6;11;0;14.77;"H ";1554,9479;2443,35;1308,9375;0,8417;39;06.2012-06.2013
Road Bikes;Black;44;0,00;7;12;0;14.77;"H ";1554,9479;2443,35;1308,9375;0,8417;78;06.2012-06.2013
Road Bikes;Black;44;0,00;8;1;0;14.77;"H ";1554,9479;2443,35;2181,5625;1,4029;12;06.2012-06.2013
Road Bikes;Black;44;0,00;9;2;0;14.77;"H ";1554,9479;2443,35;2181,5625;1,4029;8;06.2012-06.2013
Road Bikes;Black;44;0,00;10;3;0;14.77;"H ";1554,9479;2443,35;2181,5625;1,4029;8;06.2012-06.2013
Road Bikes;Black;44;0,00;11;4;0;14.77;"H ";1554,9479;2443,35;2181,5625;1,4029;13;06.2012-06.2013
Road Bikes;Black;44;0,00;12;5;0;14.77;"H ";1554,9479;2443,35;2181,5625;1,4029;9;06.2012-06.2013
Road Bikes;Black;44;0,00;1;6;0;14.77;"H ";1554,9479;2443,35;2181,5625;1,4029;16;06.2012-06.2013
Road Bikes;Black;44;0,00;2;7;0;14.77;"H ";1554,9479;2443,35;2181,5625;1,4029;15;06.2012-06.2013
Road Bikes;Black;44;0,00;3;8;0;14.77;"H ";1554,9479;2443,35;2181,5625;1,4029;9;06.2012-06.2013
Road Bikes;Black;44;0,00;4;9;0;14.77;"H ";1554,9479;2443,35;2181,5625;1,4029;8;06.2012-06.2013
Road Bikes;Black;44;0,00;5;10;0;14.77;"H ";1554,9479;2443,35;2181,5625;1,4029;9;06.2012-06.2013
Road Bikes;Black;44;0,00;6;11;0;14.77;"H ";1554,9479;2443,35;2181,5625;1,4029;8;06.2012-06.2013
Road Bikes;Black;44;0,00;7;12;0;14.77;"H ";1554,9479;2443,35;2181,5625;1,4029;13;06.2012-06.2013
Road Bikes;Black;48;0,00;8;1;1;19.13;"L ";486,7066;782,99;469,794;0,9652;21;06.2012-06.2013
Road Bikes;Black;48;0,00;9;2;1;19.13;"L ";486,7066;782,99;469,794;0,9652;16;06.2012-06.2013
Road Bikes;Black;48;0,00;10;3;1;19.13;"L ";486,7066;782,99;469,794;0,9652;51;06.2012-06.2013
Road Bikes;Black;48;0,00;11;4;1;19.13;"L ";486,7066;782,99;469,794;0,9652;19;06.2012-06.2013
Road Bikes;Black;48;0,00;1;6;1;19.13;"L ";486,7066;782,99;469,794;0,9652;68;06.2012-06.2013
Road Bikes;Black;48;0,00;2;7;1;19.13;"L ";486,7066;782,99;469,794;0,9652;33;06.2012-06.2013
Road Bikes;Black;48;0,00;3;8;1;19.13;"L ";486,7066;782,99;469,794;0,9652;23;06.2012-06.2013
Road Bikes;Black;48;0,00;4;9;1;19.13;"L ";486,7066;782,99;469,794;0,9652;51;06.2012-06.2013
Road Bikes;Black;48;0,00;5;10;1;19.13;"L ";486,7066;782,99;469,794;0,9652;24;06.2012-06.2013
Road Bikes;Black;48;0,00;6;11;1;19.13;"L ";486,7066;782,99;469,794;0,9652;14;06.2012-06.2013
Road Bikes;Black;48;0,00;7;12;1;19.13;"L ";486,7066;782,99;469,794;0,9652;50;06.2012-06.2013
Road Bikes;Black;48;0,00;8;1;1;19.13;"L ";486,7066;782,99;782,99;1,6087;2;06.2012-06.2013
Road Bikes;Black;48;0,00;9;2;1;19.13;"L ";486,7066;782,99;782,99;1,6087;3;06.2012-06.2013
Road Bikes;Black;48;0,00;10;3;1;19.13;"L ";486,7066;782,99;782,99;1,6087;7;06.2012-06.2013
Road Bikes;Black;48;0,00;11;4;1;19.13;"L ";486,7066;782,99;782,99;1,6087;6;06.2012-06.2013
Road Bikes;Black;48;0,00;12;5;1;19.13;"L ";486,7066;782,99;782,99;1,6087;9;06.2012-06.2013
Road Bikes;Black;48;0,00;1;6;1;19.13;"L ";486,7066;782,99;782,99;1,6087;1;06.2012-06.2013
Road Bikes;Black;48;0,00;2;7;1;19.13;"L ";486,7066;782,99;782,99;1,6087;2;06.2012-06.2013
Road Bikes;Black;48;0,00;3;8;1;19.13;"L ";486,7066;782,99;782,99;1,6087;3;06.2012-06.2013
Road Bikes;Black;48;0,00;4;9;1;19.13;"L ";486,7066;782,99;782,99;1,6087;2;06.2012-06.2013
Road Bikes;Black;48;0,00;6;11;1;19.13;"L ";486,7066;782,99;782,99;1,6087;6;06.2012-06.2013
Road Bikes;Black;48;0,00;7;12;1;19.13;"L ";486,7066;782,99;782,99;1,6087;2;06.2012-06.2013
Road Bikes;Black;48;0,02;2;7;0;15.13;"H ";1554,9479;2443,35;1240,0002;0,7974;11;06.2012-06.2013
Road Bikes;Black;48;0,00;8;1;0;15.13;"H ";1554,9479;2443,35;1308,9375;0,8417;40;06.2012-06.2013
Road Bikes;Black;48;0,00;9;2;0;15.13;"H ";1554,9479;2443,35;1308,9375;0,8417;29;06.2012-06.2013
Road Bikes;Black;48;0,00;10;3;0;15.13;"H ";1554,9479;2443,35;1308,9375;0,8417;75;06.2012-06.2013
Road Bikes;Black;48;0,00;11;4;0;15.13;"H ";1554,9479;2443,35;1308,9375;0,8417;49;06.2012-06.2013
Road Bikes;Black;48;0,00;1;6;0;15.13;"H ";1554,9479;2443,35;1308,9375;0,8417;86;06.2012-06.2013
Road Bikes;Black;48;0,00;2;7;0;15.13;"H ";1554,9479;2443,35;1308,9375;0,8417;53;06.2012-06.2013
Road Bikes;Black;48;0,00;3;8;0;15.13;"H ";1554,9479;2443,35;1308,9375;0,8417;46;06.2012-06.2013
Road Bikes;Black;48;0,00;4;9;0;15.13;"H ";1554,9479;2443,35;1308,9375;0,8417;72;06.2012-06.2013
Road Bikes;Black;48;0,00;5;10;0;15.13;"H ";1554,9479;2443,35;1308,9375;0,8417;36;06.2012-06.2013
Road Bikes;Black;48;0,00;6;11;0;15.13;"H ";1554,9479;2443,35;1308,9375;0,8417;30;06.2012-06.2013
Road Bikes;Black;48;0,00;7;12;0;15.13;"H ";1554,9479;2443,35;1308,9375;0,8417;66;06.2012-06.2013
Road Bikes;Black;48;0,00;8;1;0;15.13;"H ";1554,9479;2443,35;2181,5625;1,4029;13;06.2012-06.2013
Road Bikes;Black;48;0,00;9;2;0;15.13;"H ";1554,9479;2443,35;2181,5625;1,4029;15;06.2012-06.2013
Road Bikes;Black;48;0,00;10;3;0;15.13;"H ";1554,9479;2443,35;2181,5625;1,4029;6;06.2012-06.2013
Road Bikes;Black;48;0,00;11;4;0;15.13;"H ";1554,9479;2443,35;2181,5625;1,4029;4;06.2012-06.2013
Road Bikes;Black;48;0,00;12;5;0;15.13;"H ";1554,9479;2443,35;2181,5625;1,4029;6;06.2012-06.2013
Road Bikes;Black;48;0,00;1;6;0;15.13;"H ";1554,9479;2443,35;2181,5625;1,4029;23;06.2012-06.2013
Road Bikes;Black;48;0,00;2;7;0;15.13;"H ";1554,9479;2443,35;2181,5625;1,4029;24;06.2012-06.2013
Road Bikes;Black;48;0,00;3;8;0;15.13;"H ";1554,9479;2443,35;2181,5625;1,4029;10;06.2012-06.2013
Road Bikes;Black;48;0,00;4;9;0;15.13;"H ";1554,9479;2443,35;2181,5625;1,4029;8;06.2012-06.2013
Road Bikes;Black;48;0,00;5;10;0;15.13;"H ";1554,9479;2443,35;2181,5625;1,4029;5;06.2012-06.2013
Road Bikes;Black;48;0,00;6;11;0;15.13;"H ";1554,9479;2443,35;2181,5625;1,4029;17;06.2012-06.2013
Road Bikes;Black;48;0,00;7;12;0;15.13;"H ";1554,9479;2443,35;2181,5625;1,4029;10;06.2012-06.2013
Road Bikes;Black;52;0,05;9;2;1;19.42;"L ";486,7066;782,99;409,1123;0,8405;34;06.2012-06.2013
Road Bikes;Black;52;0,05;10;3;1;19.42;"L ";486,7066;782,99;409,1123;0,8405;21;06.2012-06.2013
Road Bikes;Black;52;0,05;2;7;1;19.42;"L ";486,7066;782,99;409,1123;0,8405;17;06.2012-06.2013
Road Bikes;Black;52;0,05;5;10;1;19.42;"L ";486,7066;782,99;409,1123;0,8405;17;06.2012-06.2013
Road Bikes;Black;52;0,05;6;11;1;19.42;"L ";486,7066;782,99;409,1123;0,8405;15;06.2012-06.2013
Road Bikes;Black;52;0,02;9;2;1;19.42;"L ";486,7066;782,99;445,0515;0,9144;11;06.2012-06.2013
Road Bikes;Black;52;0,02;10;3;1;19.42;"L ";486,7066;782,99;445,0515;0,9144;11;06.2012-06.2013
Road Bikes;Black;52;0,02;11;4;1;19.42;"L ";486,7066;782,99;445,0515;0,9144;11;06.2012-06.2013
Road Bikes;Black;52;0,02;1;6;1;19.42;"L ";486,7066;782,99;445,0515;0,9144;14;06.2012-06.2013
Road Bikes;Black;52;0,02;3;8;1;19.42;"L ";486,7066;782,99;445,0515;0,9144;36;06.2012-06.2013
Road Bikes;Black;52;0,02;4;9;1;19.42;"L ";486,7066;782,99;445,0515;0,9144;25;06.2012-06.2013
Road Bikes;Black;52;0,02;5;10;1;19.42;"L ";486,7066;782,99;445,0515;0,9144;11;06.2012-06.2013
Road Bikes;Black;52;0,00;8;1;1;19.42;"L ";486,7066;782,99;469,794;0,9652;95;06.2012-06.2013
Road Bikes;Black;52;0,00;9;2;1;19.42;"L ";486,7066;782,99;469,794;0,9652;65;06.2012-06.2013
Road Bikes;Black;52;0,00;10;3;1;19.42;"L ";486,7066;782,99;469,794;0,9652;120;06.2012-06.2013
Road Bikes;Black;52;0,00;11;4;1;19.42;"L ";486,7066;782,99;469,794;0,9652;91;06.2012-06.2013
Road Bikes;Black;52;0,00;1;6;1;19.42;"L ";486,7066;782,99;469,794;0,9652;154;06.2012-06.2013
Road Bikes;Black;52;0,00;2;7;1;19.42;"L ";486,7066;782,99;469,794;0,9652;96;06.2012-06.2013
Road Bikes;Black;52;0,00;3;8;1;19.42;"L ";486,7066;782,99;469,794;0,9652;74;06.2012-06.2013
Road Bikes;Black;52;0,00;4;9;1;19.42;"L ";486,7066;782,99;469,794;0,9652;134;06.2012-06.2013
Road Bikes;Black;52;0,00;5;10;1;19.42;"L ";486,7066;782,99;469,794;0,9652;68;06.2012-06.2013
Road Bikes;Black;52;0,00;6;11;1;19.42;"L ";486,7066;782,99;469,794;0,9652;78;06.2012-06.2013
Road Bikes;Black;52;0,00;7;12;1;19.42;"L ";486,7066;782,99;469,794;0,9652;124;06.2012-06.2013
Road Bikes;Black;52;0,00;8;1;1;19.42;"L ";486,7066;782,99;782,99;1,6087;6;06.2012-06.2013
Road Bikes;Black;52;0,00;9;2;1;19.42;"L ";486,7066;782,99;782,99;1,6087;8;06.2012-06.2013
Road Bikes;Black;52;0,00;10;3;1;19.42;"L ";486,7066;782,99;782,99;1,6087;3;06.2012-06.2013
Road Bikes;Black;52;0,00;11;4;1;19.42;"L ";486,7066;782,99;782,99;1,6087;5;06.2012-06.2013
Road Bikes;Black;52;0,00;12;5;1;19.42;"L ";486,7066;782,99;782,99;1,6087;7;06.2012-06.2013
Road Bikes;Black;52;0,00;1;6;1;19.42;"L ";486,7066;782,99;782,99;1,6087;4;06.2012-06.2013
Road Bikes;Black;52;0,00;2;7;1;19.42;"L ";486,7066;782,99;782,99;1,6087;6;06.2012-06.2013
Road Bikes;Black;52;0,00;3;8;1;19.42;"L ";486,7066;782,99;782,99;1,6087;6;06.2012-06.2013
Road Bikes;Black;52;0,00;4;9;1;19.42;"L ";486,7066;782,99;782,99;1,6087;2;06.2012-06.2013
Road Bikes;Black;52;0,00;5;10;1;19.42;"L ";486,7066;782,99;782,99;1,6087;2;06.2012-06.2013
Road Bikes;Black;52;0,00;6;11;1;19.42;"L ";486,7066;782,99;782,99;1,6087;5;06.2012-06.2013
Road Bikes;Black;52;0,00;7;12;1;19.42;"L ";486,7066;782,99;782,99;1,6087;2;06.2012-06.2013
Road Bikes;Black;52;0,00;8;1;0;15.42;"H ";1554,9479;2443,35;1308,9375;0,8417;21;06.2012-06.2013
Road Bikes;Black;52;0,00;9;2;0;15.42;"H ";1554,9479;2443,35;1308,9375;0,8417;27;06.2012-06.2013
Road Bikes;Black;52;0,00;10;3;0;15.42;"H ";1554,9479;2443,35;1308,9375;0,8417;76;06.2012-06.2013
Road Bikes;Black;52;0,00;11;4;0;15.42;"H ";1554,9479;2443,35;1308,9375;0,8417;30;06.2012-06.2013
Road Bikes;Black;52;0,00;1;6;0;15.42;"H ";1554,9479;2443,35;1308,9375;0,8417;57;06.2012-06.2013
Road Bikes;Black;52;0,00;2;7;0;15.42;"H ";1554,9479;2443,35;1308,9375;0,8417;58;06.2012-06.2013
Road Bikes;Black;52;0,00;3;8;0;15.42;"H ";1554,9479;2443,35;1308,9375;0,8417;26;06.2012-06.2013
Road Bikes;Black;52;0,00;4;9;0;15.42;"H ";1554,9479;2443,35;1308,9375;0,8417;63;06.2012-06.2013
Road Bikes;Black;52;0,00;5;10;0;15.42;"H ";1554,9479;2443,35;1308,9375;0,8417;45;06.2012-06.2013
Road Bikes;Black;52;0,00;6;11;0;15.42;"H ";1554,9479;2443,35;1308,9375;0,8417;19;06.2012-06.2013
Road Bikes;Black;52;0,00;7;12;0;15.42;"H ";1554,9479;2443,35;1308,9375;0,8417;46;06.2012-06.2013
Road Bikes;Black;52;0,00;8;1;0;15.42;"H ";1554,9479;2443,35;2181,5625;1,4029;11;06.2012-06.2013
Road Bikes;Black;52;0,00;9;2;0;15.42;"H ";1554,9479;2443,35;2181,5625;1,4029;11;06.2012-06.2013
Road Bikes;Black;52;0,00;10;3;0;15.42;"H ";1554,9479;2443,35;2181,5625;1,4029;17;06.2012-06.2013
Road Bikes;Black;52;0,00;11;4;0;15.42;"H ";1554,9479;2443,35;2181,5625;1,4029;11;06.2012-06.2013
Road Bikes;Black;52;0,00;0;5;0;15.42;"H ";1554,9479;2443,35;2181,5625;1,4029;7;06.2012-06.2013
Road Bikes;Black;52;0,00;1;6;0;15.42;"H ";1554,9479;2443,35;2181,5625;1,4029;16;06.2012-06.2013
Road Bikes;Black;52;0,00;2;7;0;15.42;"H ";1554,9479;2443,35;2181,5625;1,4029;20;06.2012-06.2013
Road Bikes;Black;52;0,00;3;8;0;15.42;"H ";1554,9479;2443,35;2181,5625;1,4029;15;06.2012-06.2013
Road Bikes;Black;52;0,00;4;9;0;15.42;"H ";1554,9479;2443,35;2181,5625;1,4029;14;06.2012-06.2013
Road Bikes;Black;52;0,00;5;10;0;15.42;"H ";1554,9479;2443,35;2181,5625;1,4029;14;06.2012-06.2013
Road Bikes;Black;52;0,00;6;11;0;15.42;"H ";1554,9479;2443,35;2181,5625;1,4029;28;06.2012-06.2013
Road Bikes;Black;52;0,00;7;12;0;15.42;"H ";1554,9479;2443,35;2181,5625;1,4029;8;06.2012-06.2013
Road Bikes;Black;58;0,02;9;2;1;19.79;"L ";486,7066;782,99;445,0515;0,9144;11;06.2012-06.2013
Road Bikes;Black;58;0,02;10;3;1;19.79;"L ";486,7066;782,99;445,0515;0,9144;13;06.2012-06.2013
Road Bikes;Black;58;0,02;11;4;1;19.79;"L ";486,7066;782,99;445,0515;0,9144;24;06.2012-06.2013
Road Bikes;Black;58;0,02;2;7;1;19.79;"L ";486,7066;782,99;445,0515;0,9144;14;06.2012-06.2013
Road Bikes;Black;58;0,02;3;8;1;19.79;"L ";486,7066;782,99;445,0515;0,9144;12;06.2012-06.2013
Road Bikes;Black;58;0,00;8;1;1;19.79;"L ";486,7066;782,99;469,794;0,9652;79;06.2012-06.2013
Road Bikes;Black;58;0,00;9;2;1;19.79;"L ";486,7066;782,99;469,794;0,9652;82;06.2012-06.2013
Road Bikes;Black;58;0,00;10;3;1;19.79;"L ";486,7066;782,99;469,794;0,9652;111;06.2012-06.2013
Road Bikes;Black;58;0,00;11;4;1;19.79;"L ";486,7066;782,99;469,794;0,9652;62;06.2012-06.2013
Road Bikes;Black;58;0,00;1;6;1;19.79;"L ";486,7066;782,99;469,794;0,9652;137;06.2012-06.2013
Road Bikes;Black;58;0,00;2;7;1;19.79;"L ";486,7066;782,99;469,794;0,9652;83;06.2012-06.2013
Road Bikes;Black;58;0,00;3;8;1;19.79;"L ";486,7066;782,99;469,794;0,9652;94;06.2012-06.2013
Road Bikes;Black;58;0,00;4;9;1;19.79;"L ";486,7066;782,99;469,794;0,9652;121;06.2012-06.2013
Road Bikes;Black;58;0,00;5;10;1;19.79;"L ";486,7066;782,99;469,794;0,9652;81;06.2012-06.2013
Road Bikes;Black;58;0,00;6;11;1;19.79;"L ";486,7066;782,99;469,794;0,9652;72;06.2012-06.2013
Road Bikes;Black;58;0,00;7;12;1;19.79;"L ";486,7066;782,99;469,794;0,9652;119;06.2012-06.2013
Road Bikes;Black;58;0,00;8;1;1;19.79;"L ";486,7066;782,99;782,99;1,6087;8;06.2012-06.2013
Road Bikes;Black;58;0,00;10;3;1;19.79;"L ";486,7066;782,99;782,99;1,6087;4;06.2012-06.2013
Road Bikes;Black;58;0,00;11;4;1;19.79;"L ";486,7066;782,99;782,99;1,6087;8;06.2012-06.2013
Road Bikes;Black;58;0,00;12;5;1;19.79;"L ";486,7066;782,99;782,99;1,6087;6;06.2012-06.2013
Road Bikes;Black;58;0,00;1;6;1;19.79;"L ";486,7066;782,99;782,99;1,6087;4;06.2012-06.2013
Road Bikes;Black;58;0,00;2;7;1;19.79;"L ";486,7066;782,99;782,99;1,6087;5;06.2012-06.2013
Road Bikes;Black;58;0,00;3;8;1;19.79;"L ";486,7066;782,99;782,99;1,6087;5;06.2012-06.2013
Road Bikes;Black;58;0,00;4;9;1;19.79;"L ";486,7066;782,99;782,99;1,6087;5;06.2012-06.2013
Road Bikes;Black;58;0,00;5;10;1;19.79;"L ";486,7066;782,99;782,99;1,6087;1;06.2012-06.2013
Road Bikes;Black;58;0,00;6;11;1;19.79;"L ";486,7066;782,99;782,99;1,6087;4;06.2012-06.2013
Road Bikes;Black;58;0,00;7;12;1;19.79;"L ";486,7066;782,99;782,99;1,6087;8;06.2012-06.2013
Road Bikes;Black;58;0,00;8;1;0;15.68;"H ";1554,9479;2443,35;1308,9375;0,8417;27;06.2012-06.2013
Road Bikes;Black;58;0,00;9;2;0;15.68;"H ";1554,9479;2443,35;1308,9375;0,8417;18;06.2012-06.2013
Road Bikes;Black;58;0,00;10;3;0;15.68;"H ";1554,9479;2443,35;1308,9375;0,8417;47;06.2012-06.2013
Road Bikes;Black;58;0,00;11;4;0;15.68;"H ";1554,9479;2443,35;1308,9375;0,8417;21;06.2012-06.2013
Road Bikes;Black;58;0,00;1;6;0;15.68;"H ";1554,9479;2443,35;1308,9375;0,8417;39;06.2012-06.2013
Road Bikes;Black;58;0,00;2;7;0;15.68;"H ";1554,9479;2443,35;1308,9375;0,8417;27;06.2012-06.2013
Road Bikes;Black;58;0,00;3;8;0;15.68;"H ";1554,9479;2443,35;1308,9375;0,8417;12;06.2012-06.2013
Road Bikes;Black;58;0,00;4;9;0;15.68;"H ";1554,9479;2443,35;1308,9375;0,8417;50;06.2012-06.2013
Road Bikes;Black;58;0,00;5;10;0;15.68;"H ";1554,9479;2443,35;1308,9375;0,8417;24;06.2012-06.2013
Road Bikes;Black;58;0,00;6;11;0;15.68;"H ";1554,9479;2443,35;1308,9375;0,8417;14;06.2012-06.2013
Road Bikes;Black;58;0,00;7;12;0;15.68;"H ";1554,9479;2443,35;1308,9375;0,8417;45;06.2012-06.2013
Road Bikes;Black;58;0,00;8;1;0;15.68;"H ";1554,9479;2443,35;2181,5625;1,4029;13;06.2012-06.2013
Road Bikes;Black;58;0,00;9;2;0;15.68;"H ";1554,9479;2443,35;2181,5625;1,4029;9;06.2012-06.2013
Road Bikes;Black;58;0,00;10;3;0;15.68;"H ";1554,9479;2443,35;2181,5625;1,4029;16;06.2012-06.2013
Road Bikes;Black;58;0,00;11;4;0;15.68;"H ";1554,9479;2443,35;2181,5625;1,4029;9;06.2012-06.2013
Road Bikes;Black;58;0,00;12;5;0;15.68;"H ";1554,9479;2443,35;2181,5625;1,4029;14;06.2012-06.2013
Road Bikes;Black;58;0,00;1;6;0;15.68;"H ";1554,9479;2443,35;2181,5625;1,4029;14;06.2012-06.2013
Road Bikes;Black;58;0,00;2;7;0;15.68;"H ";1554,9479;2443,35;2181,5625;1,4029;18;06.2012-06.2013
Road Bikes;Black;58;0,00;3;8;0;15.68;"H ";1554,9479;2443,35;2181,5625;1,4029;14;06.2012-06.2013
Road Bikes;Black;58;0,00;4;9;0;15.68;"H ";1554,9479;2443,35;2181,5625;1,4029;13;06.2012-06.2013
Road Bikes;Black;58;0,00;5;10;0;15.68;"H ";1554,9479;2443,35;2181,5625;1,4029;6;06.2012-06.2013
Road Bikes;Black;58;0,00;6;11;0;15.68;"H ";1554,9479;2443,35;2181,5625;1,4029;14;06.2012-06.2013
Road Bikes;Black;58;0,00;7;12;0;15.68;"H ";1554,9479;2443,35;2181,5625;1,4029;4;06.2012-06.2013
Road Bikes;Black;60;0,02;2;7;1;19.90;"L ";486,7066;782,99;445,0515;0,9144;11;06.2012-06.2013
Road Bikes;Black;60;0,00;8;1;1;19.90;"L ";486,7066;782,99;469,794;0,9652;46;06.2012-06.2013
Road Bikes;Black;60;0,00;9;2;1;19.90;"L ";486,7066;782,99;469,794;0,9652;43;06.2012-06.2013
Road Bikes;Black;60;0,00;10;3;1;19.90;"L ";486,7066;782,99;469,794;0,9652;73;06.2012-06.2013
Road Bikes;Black;60;0,00;11;4;1;19.90;"L ";486,7066;782,99;469,794;0,9652;54;06.2012-06.2013
Road Bikes;Black;60;0,00;1;6;1;19.90;"L ";486,7066;782,99;469,794;0,9652;77;06.2012-06.2013
Road Bikes;Black;60;0,00;2;7;1;19.90;"L ";486,7066;782,99;469,794;0,9652;57;06.2012-06.2013
Road Bikes;Black;60;0,00;3;8;1;19.90;"L ";486,7066;782,99;469,794;0,9652;59;06.2012-06.2013
Road Bikes;Black;60;0,00;4;9;1;19.90;"L ";486,7066;782,99;469,794;0,9652;59;06.2012-06.2013
Road Bikes;Black;60;0,00;5;10;1;19.90;"L ";486,7066;782,99;469,794;0,9652;54;06.2012-06.2013
Road Bikes;Black;60;0,00;6;11;1;19.90;"L ";486,7066;782,99;469,794;0,9652;48;06.2012-06.2013
Road Bikes;Black;60;0,00;7;12;1;19.90;"L ";486,7066;782,99;469,794;0,9652;59;06.2012-06.2013
Road Bikes;Black;60;0,00;8;1;1;19.90;"L ";486,7066;782,99;782,99;1,6087;6;06.2012-06.2013
Road Bikes;Black;60;0,00;9;2;1;19.90;"L ";486,7066;782,99;782,99;1,6087;2;06.2012-06.2013
Road Bikes;Black;60;0,00;10;3;1;19.90;"L ";486,7066;782,99;782,99;1,6087;3;06.2012-06.2013
Road Bikes;Black;60;0,00;11;4;1;19.90;"L ";486,7066;782,99;782,99;1,6087;7;06.2012-06.2013
Road Bikes;Black;60;0,00;12;5;1;19.90;"L ";486,7066;782,99;782,99;1,6087;4;06.2012-06.2013
Road Bikes;Black;60;0,00;1;6;1;19.90;"L ";486,7066;782,99;782,99;1,6087;1;06.2012-06.2013
Road Bikes;Black;60;0,00;2;7;1;19.90;"L ";486,7066;782,99;782,99;1,6087;3;06.2012-06.2013
Road Bikes;Black;60;0,00;3;8;1;19.90;"L ";486,7066;782,99;782,99;1,6087;2;06.2012-06.2013
Road Bikes;Black;60;0,00;4;9;1;19.90;"L ";486,7066;782,99;782,99;1,6087;2;06.2012-06.2013
Road Bikes;Black;60;0,00;5;10;1;19.90;"L ";486,7066;782,99;782,99;1,6087;3;06.2012-06.2013
Road Bikes;Black;60;0,00;6;11;1;19.90;"L ";486,7066;782,99;782,99;1,6087;9;06.2012-06.2013
Road Bikes;Black;60;0,00;7;12;1;19.90;"L ";486,7066;782,99;782,99;1,6087;6;06.2012-06.2013
Road Bikes;Black;62;0,00;8;1;1;20.00;"L ";486,7066;782,99;469,794;0,9652;17;06.2012-06.2013
Road Bikes;Black;62;0,00;9;2;1;20.00;"L ";486,7066;782,99;469,794;0,9652;9;06.2012-06.2013
Road Bikes;Black;62;0,00;10;3;1;20.00;"L ";486,7066;782,99;469,794;0,9652;55;06.2012-06.2013
Road Bikes;Black;62;0,00;11;4;1;20.00;"L ";486,7066;782,99;469,794;0,9652;22;06.2012-06.2013
Road Bikes;Black;62;0,00;1;6;1;20.00;"L ";486,7066;782,99;469,794;0,9652;76;06.2012-06.2013
Road Bikes;Black;62;0,00;2;7;1;20.00;"L ";486,7066;782,99;469,794;0,9652;33;06.2012-06.2013
Road Bikes;Black;62;0,00;3;8;1;20.00;"L ";486,7066;782,99;469,794;0,9652;23;06.2012-06.2013
Road Bikes;Black;62;0,00;4;9;1;20.00;"L ";486,7066;782,99;469,794;0,9652;55;06.2012-06.2013
Road Bikes;Black;62;0,00;5;10;1;20.00;"L ";486,7066;782,99;469,794;0,9652;20;06.2012-06.2013
Road Bikes;Black;62;0,00;6;11;1;20.00;"L ";486,7066;782,99;469,794;0,9652;19;06.2012-06.2013
Road Bikes;Black;62;0,00;7;12;1;20.00;"L ";486,7066;782,99;469,794;0,9652;50;06.2012-06.2013
Road Bikes;Black;62;0,00;8;1;1;20.00;"L ";486,7066;782,99;782,99;1,6087;4;06.2012-06.2013
Road Bikes;Black;62;0,00;9;2;1;20.00;"L ";486,7066;782,99;782,99;1,6087;3;06.2012-06.2013
Road Bikes;Black;62;0,00;10;3;1;20.00;"L ";486,7066;782,99;782,99;1,6087;3;06.2012-06.2013
Road Bikes;Black;62;0,00;11;4;1;20.00;"L ";486,7066;782,99;782,99;1,6087;5;06.2012-06.2013
Road Bikes;Black;62;0,00;12;5;1;20.00;"L ";486,7066;782,99;782,99;1,6087;6;06.2012-06.2013
Road Bikes;Black;62;0,00;1;6;1;20.00;"L ";486,7066;782,99;782,99;1,6087;5;06.2012-06.2013
Road Bikes;Black;62;0,00;2;7;1;20.00;"L ";486,7066;782,99;782,99;1,6087;2;06.2012-06.2013
Road Bikes;Black;62;0,00;3;8;1;20.00;"L ";486,7066;782,99;782,99;1,6087;3;06.2012-06.2013
Road Bikes;Black;62;0,00;4;9;1;20.00;"L ";486,7066;782,99;782,99;1,6087;2;06.2012-06.2013
Road Bikes;Black;62;0,00;5;10;1;20.00;"L ";486,7066;782,99;782,99;1,6087;3;06.2012-06.2013
Road Bikes;Black;62;0,00;6;11;1;20.00;"L ";486,7066;782,99;782,99;1,6087;5;06.2012-06.2013
Road Bikes;Black;62;0,00;7;12;1;20.00;"L ";486,7066;782,99;782,99;1,6087;2;06.2012-06.2013
Road Bikes;Red;44;0,30;1;6;1;18.77;"L ";486,7066;782,99;164,4279;0,3378;169;06.2012-06.2013
Road Bikes;Red;44;0,05;9;2;1;18.77;"L ";486,7066;782,99;409,1123;0,8405;35;06.2012-06.2013
Road Bikes;Red;44;0,05;11;4;1;18.77;"L ";486,7066;782,99;409,1123;0,8405;17;06.2012-06.2013
Road Bikes;Red;44;0,05;6;11;1;18.77;"L ";486,7066;782,99;409,1123;0,8405;16;06.2012-06.2013
Road Bikes;Red;44;0,02;8;1;1;18.77;"L ";486,7066;782,99;445,0515;0,9144;12;06.2012-06.2013
Road Bikes;Red;44;0,02;9;2;1;18.77;"L ";486,7066;782,99;445,0515;0,9144;24;06.2012-06.2013
Road Bikes;Red;44;0,02;10;3;1;18.77;"L ";486,7066;782,99;445,0515;0,9144;13;06.2012-06.2013
Road Bikes;Red;44;0,02;11;4;1;18.77;"L ";486,7066;782,99;445,0515;0,9144;11;06.2012-06.2013
Road Bikes;Red;44;0,02;2;7;1;18.77;"L ";486,7066;782,99;445,0515;0,9144;27;06.2012-06.2013
Road Bikes;Red;44;0,02;3;8;1;18.77;"L ";486,7066;782,99;445,0515;0,9144;14;06.2012-06.2013
Road Bikes;Red;44;0,02;4;9;1;18.77;"L ";486,7066;782,99;445,0515;0,9144;26;06.2012-06.2013
Road Bikes;Red;44;0,02;5;10;1;18.77;"L ";486,7066;782,99;445,0515;0,9144;52;06.2012-06.2013
Road Bikes;Red;44;0,02;7;12;1;18.77;"L ";486,7066;782,99;445,0515;0,9144;14;06.2012-06.2013
Road Bikes;Red;44;0,00;8;1;1;18.77;"L ";486,7066;782,99;469,794;0,9652;97;06.2012-06.2013
Road Bikes;Red;44;0,00;9;2;1;18.77;"L ";486,7066;782,99;469,794;0,9652;62;06.2012-06.2013
Road Bikes;Red;44;0,00;10;3;1;18.77;"L ";486,7066;782,99;469,794;0,9652;115;06.2012-06.2013
Road Bikes;Red;44;0,00;11;4;1;18.77;"L ";486,7066;782,99;469,794;0,9652;84;06.2012-06.2013
Road Bikes;Red;44;0,00;2;7;1;18.77;"L ";486,7066;782,99;469,794;0,9652;99;06.2012-06.2013
Road Bikes;Red;44;0,00;3;8;1;18.77;"L ";486,7066;782,99;469,794;0,9652;91;06.2012-06.2013
Road Bikes;Red;44;0,00;4;9;1;18.77;"L ";486,7066;782,99;469,794;0,9652;115;06.2012-06.2013
Road Bikes;Red;44;0,00;5;10;1;18.77;"L ";486,7066;782,99;469,794;0,9652;67;06.2012-06.2013
Road Bikes;Red;44;0,00;6;11;1;18.77;"L ";486,7066;782,99;469,794;0,9652;74;06.2012-06.2013
Road Bikes;Red;44;0,00;7;12;1;18.77;"L ";486,7066;782,99;469,794;0,9652;98;06.2012-06.2013
Road Bikes;Red;44;0,00;8;1;1;18.77;"L ";486,7066;782,99;782,99;1,6087;3;06.2012-06.2013
Road Bikes;Red;44;0,00;9;2;1;18.77;"L ";486,7066;782,99;782,99;1,6087;7;06.2012-06.2013
Road Bikes;Red;44;0,00;10;3;1;18.77;"L ";486,7066;782,99;782,99;1,6087;9;06.2012-06.2013
Road Bikes;Red;44;0,00;11;4;1;18.77;"L ";486,7066;782,99;782,99;1,6087;6;06.2012-06.2013
Road Bikes;Red;44;0,00;12;5;1;18.77;"L ";486,7066;782,99;782,99;1,6087;2;06.2012-06.2013
Road Bikes;Red;44;0,00;2;7;1;18.77;"L ";486,7066;782,99;782,99;1,6087;1;06.2012-06.2013
Road Bikes;Red;44;0,00;3;8;1;18.77;"L ";486,7066;782,99;782,99;1,6087;3;06.2012-06.2013
Road Bikes;Red;44;0,00;4;9;1;18.77;"L ";486,7066;782,99;782,99;1,6087;2;06.2012-06.2013
Road Bikes;Red;44;0,00;5;10;1;18.77;"L ";486,7066;782,99;782,99;1,6087;8;06.2012-06.2013
Road Bikes;Red;44;0,00;6;11;1;18.77;"L ";486,7066;782,99;782,99;1,6087;7;06.2012-06.2013
Road Bikes;Red;44;0,00;7;12;1;18.77;"L ";486,7066;782,99;782,99;1,6087;2;06.2012-06.2013
Road Bikes;Red;44;0,05;1;6;0;14.77;"H ";1518,7864;2443,35;1276,6504;0,8405;15;06.2012-06.2013
Road Bikes;Red;44;0,02;2;7;0;14.77;"H ";1518,7864;2443,35;1388,8001;0,9144;12;06.2012-06.2013
Road Bikes;Red;44;0,00;8;1;0;14.77;"H ";1518,7864;2443,35;1466,01;0,9652;46;06.2012-06.2013
Road Bikes;Red;44;0,00;9;2;0;14.77;"H ";1518,7864;2443,35;1466,01;0,9652;48;06.2012-06.2013
Road Bikes;Red;44;0,00;10;3;0;14.77;"H ";1518,7864;2443,35;1466,01;0,9652;89;06.2012-06.2013
Road Bikes;Red;44;0,00;11;4;0;14.77;"H ";1518,7864;2443,35;1466,01;0,9652;44;06.2012-06.2013
Road Bikes;Red;44;0,00;1;6;0;14.77;"H ";1518,7864;2443,35;1466,01;0,9652;75;06.2012-06.2013
Road Bikes;Red;44;0,00;2;7;0;14.77;"H ";1518,7864;2443,35;1466,01;0,9652;55;06.2012-06.2013
Road Bikes;Red;44;0,00;3;8;0;14.77;"H ";1518,7864;2443,35;1466,01;0,9652;52;06.2012-06.2013
Road Bikes;Red;44;0,00;4;9;0;14.77;"H ";1518,7864;2443,35;1466,01;0,9652;93;06.2012-06.2013
Road Bikes;Red;44;0,00;5;10;0;14.77;"H ";1518,7864;2443,35;1466,01;0,9652;45;06.2012-06.2013
Road Bikes;Red;44;0,00;6;11;0;14.77;"H ";1518,7864;2443,35;1466,01;0,9652;36;06.2012-06.2013
Road Bikes;Red;44;0,00;7;12;0;14.77;"H ";1518,7864;2443,35;1466,01;0,9652;71;06.2012-06.2013
Road Bikes;Red;44;0,00;8;1;0;14.77;"H ";1518,7864;2443,35;2443,35;1,6087;12;06.2012-06.2013
Road Bikes;Red;44;0,00;9;2;0;14.77;"H ";1518,7864;2443,35;2443,35;1,6087;19;06.2012-06.2013
Road Bikes;Red;44;0,00;10;3;0;14.77;"H ";1518,7864;2443,35;2443,35;1,6087;8;06.2012-06.2013
Road Bikes;Red;44;0,00;11;4;0;14.77;"H ";1518,7864;2443,35;2443,35;1,6087;5;06.2012-06.2013
Road Bikes;Red;44;0,00;12;5;0;14.77;"H ";1518,7864;2443,35;2443,35;1,6087;14;06.2012-06.2013
Road Bikes;Red;44;0,00;1;6;0;14.77;"H ";1518,7864;2443,35;2443,35;1,6087;19;06.2012-06.2013
Road Bikes;Red;44;0,00;2;7;0;14.77;"H ";1518,7864;2443,35;2443,35;1,6087;17;06.2012-06.2013
Road Bikes;Red;44;0,00;3;8;0;14.77;"H ";1518,7864;2443,35;2443,35;1,6087;10;06.2012-06.2013
Road Bikes;Red;44;0,00;4;9;0;14.77;"H ";1518,7864;2443,35;2443,35;1,6087;9;06.2012-06.2013
Road Bikes;Red;44;0,00;5;10;0;14.77;"H ";1518,7864;2443,35;2443,35;1,6087;9;06.2012-06.2013
Road Bikes;Red;44;0,00;6;11;0;14.77;"H ";1518,7864;2443,35;2443,35;1,6087;8;06.2012-06.2013
Road Bikes;Red;44;0,00;7;12;0;14.77;"H ";1518,7864;2443,35;2443,35;1,6087;14;06.2012-06.2013
Road Bikes;Red;48;0,05;11;4;1;19.13;"L ";486,7066;782,99;409,1123;0,8405;17;06.2012-06.2013
Road Bikes;Red;48;0,02;8;1;1;19.13;"L ";486,7066;782,99;445,0515;0,9144;14;06.2012-06.2013
Road Bikes;Red;48;0,02;9;2;1;19.13;"L ";486,7066;782,99;445,0515;0,9144;12;06.2012-06.2013
Road Bikes;Red;48;0,02;1;6;1;19.13;"L ";486,7066;782,99;445,0515;0,9144;11;06.2012-06.2013
Road Bikes;Red;48;0,02;2;7;1;19.13;"L ";486,7066;782,99;445,0515;0,9144;23;06.2012-06.2013
Road Bikes;Red;48;0,02;4;9;1;19.13;"L ";486,7066;782,99;445,0515;0,9144;13;06.2012-06.2013
Road Bikes;Red;48;0,00;8;1;1;19.13;"L ";486,7066;782,99;469,794;0,9652;66;06.2012-06.2013
Road Bikes;Red;48;0,00;9;2;1;19.13;"L ";486,7066;782,99;469,794;0,9652;78;06.2012-06.2013
Road Bikes;Red;48;0,00;10;3;1;19.13;"L ";486,7066;782,99;469,794;0,9652;120;06.2012-06.2013
Road Bikes;Red;48;0,00;11;4;1;19.13;"L ";486,7066;782,99;469,794;0,9652;79;06.2012-06.2013
Road Bikes;Red;48;0,00;1;6;1;19.13;"L ";486,7066;782,99;469,794;0,9652;133;06.2012-06.2013
Road Bikes;Red;48;0,00;2;7;1;19.13;"L ";486,7066;782,99;469,794;0,9652;56;06.2012-06.2013
Road Bikes;Red;48;0,00;3;8;1;19.13;"L ";486,7066;782,99;469,794;0,9652;84;06.2012-06.2013
Road Bikes;Red;48;0,00;4;9;1;19.13;"L ";486,7066;782,99;469,794;0,9652;125;06.2012-06.2013
Road Bikes;Red;48;0,00;5;10;1;19.13;"L ";486,7066;782,99;469,794;0,9652;87;06.2012-06.2013
Road Bikes;Red;48;0,00;6;11;1;19.13;"L ";486,7066;782,99;469,794;0,9652;71;06.2012-06.2013
Road Bikes;Red;48;0,00;7;12;1;19.13;"L ";486,7066;782,99;469,794;0,9652;118;06.2012-06.2013
Road Bikes;Red;48;0,00;8;1;1;19.13;"L ";486,7066;782,99;782,99;1,6087;5;06.2012-06.2013
Road Bikes;Red;48;0,00;9;2;1;19.13;"L ";486,7066;782,99;782,99;1,6087;7;06.2012-06.2013
Road Bikes;Red;48;0,00;10;3;1;19.13;"L ";486,7066;782,99;782,99;1,6087;6;06.2012-06.2013
Road Bikes;Red;48;0,00;11;4;1;19.13;"L ";486,7066;782,99;782,99;1,6087;5;06.2012-06.2013
Road Bikes;Red;48;0,00;12;5;1;19.13;"L ";486,7066;782,99;782,99;1,6087;8;06.2012-06.2013
Road Bikes;Red;48;0,00;1;6;1;19.13;"L ";486,7066;782,99;782,99;1,6087;2;06.2012-06.2013
Road Bikes;Red;48;0,00;2;7;1;19.13;"L ";486,7066;782,99;782,99;1,6087;3;06.2012-06.2013
Road Bikes;Red;48;0,00;3;8;1;19.13;"L ";486,7066;782,99;782,99;1,6087;7;06.2012-06.2013
Road Bikes;Red;48;0,00;4;9;1;19.13;"L ";486,7066;782,99;782,99;1,6087;3;06.2012-06.2013
Road Bikes;Red;48;0,00;5;10;1;19.13;"L ";486,7066;782,99;782,99;1,6087;6;06.2012-06.2013
Road Bikes;Red;48;0,00;6;11;1;19.13;"L ";486,7066;782,99;782,99;1,6087;5;06.2012-06.2013
Road Bikes;Red;48;0,00;7;12;1;19.13;"L ";486,7066;782,99;782,99;1,6087;4;06.2012-06.2013
Road Bikes;Red;48;0,02;2;7;0;15.13;"H ";1518,7864;2443,35;1388,8001;0,9144;11;06.2012-06.2013
Road Bikes;Red;48;0,00;8;1;0;15.13;"H ";1518,7864;2443,35;1466,01;0,9652;32;06.2012-06.2013
Road Bikes;Red;48;0,00;9;2;0;15.13;"H ";1518,7864;2443,35;1466,01;0,9652;38;06.2012-06.2013
Road Bikes;Red;48;0,00;10;3;0;15.13;"H ";1518,7864;2443,35;1466,01;0,9652;72;06.2012-06.2013
Road Bikes;Red;48;0,00;11;4;0;15.13;"H ";1518,7864;2443,35;1466,01;0,9652;43;06.2012-06.2013
Road Bikes;Red;48;0,00;1;6;0;15.13;"H ";1518,7864;2443,35;1466,01;0,9652;88;06.2012-06.2013
Road Bikes;Red;48;0,00;2;7;0;15.13;"H ";1518,7864;2443,35;1466,01;0,9652;40;06.2012-06.2013
Road Bikes;Red;48;0,00;3;8;0;15.13;"H ";1518,7864;2443,35;1466,01;0,9652;40;06.2012-06.2013
Road Bikes;Red;48;0,00;4;9;0;15.13;"H ";1518,7864;2443,35;1466,01;0,9652;66;06.2012-06.2013
Road Bikes;Red;48;0,00;5;10;0;15.13;"H ";1518,7864;2443,35;1466,01;0,9652;48;06.2012-06.2013
Road Bikes;Red;48;0,00;6;11;0;15.13;"H ";1518,7864;2443,35;1466,01;0,9652;33;06.2012-06.2013
Road Bikes;Red;48;0,00;7;12;0;15.13;"H ";1518,7864;2443,35;1466,01;0,9652;74;06.2012-06.2013
Road Bikes;Red;48;0,00;8;1;0;15.13;"H ";1518,7864;2443,35;2443,35;1,6087;19;06.2012-06.2013
Road Bikes;Red;48;0,00;9;2;0;15.13;"H ";1518,7864;2443,35;2443,35;1,6087;6;06.2012-06.2013
Road Bikes;Red;48;0,00;10;3;0;15.13;"H ";1518,7864;2443,35;2443,35;1,6087;9;06.2012-06.2013
Road Bikes;Red;48;0,00;11;4;0;15.13;"H ";1518,7864;2443,35;2443,35;1,6087;14;06.2012-06.2013
Road Bikes;Red;48;0,00;12;5;0;15.13;"H ";1518,7864;2443,35;2443,35;1,6087;9;06.2012-06.2013
Road Bikes;Red;48;0,00;1;6;0;15.13;"H ";1518,7864;2443,35;2443,35;1,6087;22;06.2012-06.2013
Road Bikes;Red;48;0,00;2;7;0;15.13;"H ";1518,7864;2443,35;2443,35;1,6087;21;06.2012-06.2013
Road Bikes;Red;48;0,00;3;8;0;15.13;"H ";1518,7864;2443,35;2443,35;1,6087;11;06.2012-06.2013
Road Bikes;Red;48;0,00;4;9;0;15.13;"H ";1518,7864;2443,35;2443,35;1,6087;15;06.2012-06.2013
Road Bikes;Red;48;0,00;5;10;0;15.13;"H ";1518,7864;2443,35;2443,35;1,6087;13;06.2012-06.2013
Road Bikes;Red;48;0,00;6;11;0;15.13;"H ";1518,7864;2443,35;2443,35;1,6087;9;06.2012-06.2013
Road Bikes;Red;48;0,00;7;12;0;15.13;"H ";1518,7864;2443,35;2443,35;1,6087;14;06.2012-06.2013
Road Bikes;Red;52;0,00;8;1;1;19.42;"L ";486,7066;782,99;469,794;0,9652;43;06.2012-06.2013
Road Bikes;Red;52;0,00;9;2;1;19.42;"L ";486,7066;782,99;469,794;0,9652;53;06.2012-06.2013
Road Bikes;Red;52;0,00;10;3;1;19.42;"L ";486,7066;782,99;469,794;0,9652;83;06.2012-06.2013
Road Bikes;Red;52;0,00;11;4;1;19.42;"L ";486,7066;782,99;469,794;0,9652;45;06.2012-06.2013
Road Bikes;Red;52;0,00;1;6;1;19.42;"L ";486,7066;782,99;469,794;0,9652;91;06.2012-06.2013
Road Bikes;Red;52;0,00;2;7;1;19.42;"L ";486,7066;782,99;469,794;0,9652;54;06.2012-06.2013
Road Bikes;Red;52;0,00;3;8;1;19.42;"L ";486,7066;782,99;469,794;0,9652;44;06.2012-06.2013
Road Bikes;Red;52;0,00;4;9;1;19.42;"L ";486,7066;782,99;469,794;0,9652;85;06.2012-06.2013
Road Bikes;Red;52;0,00;5;10;1;19.42;"L ";486,7066;782,99;469,794;0,9652;52;06.2012-06.2013
Road Bikes;Red;52;0,00;6;11;1;19.42;"L ";486,7066;782,99;469,794;0,9652;42;06.2012-06.2013
Road Bikes;Red;52;0,00;7;12;1;19.42;"L ";486,7066;782,99;469,794;0,9652;68;06.2012-06.2013
Road Bikes;Red;52;0,00;8;1;1;19.42;"L ";486,7066;782,99;782,99;1,6087;6;06.2012-06.2013
Road Bikes;Red;52;0,00;9;2;1;19.42;"L ";486,7066;782,99;782,99;1,6087;7;06.2012-06.2013
Road Bikes;Red;52;0,00;10;3;1;19.42;"L ";486,7066;782,99;782,99;1,6087;4;06.2012-06.2013
Road Bikes;Red;52;0,00;11;4;1;19.42;"L ";486,7066;782,99;782,99;1,6087;6;06.2012-06.2013
Road Bikes;Red;52;0,00;12;5;1;19.42;"L ";486,7066;782,99;782,99;1,6087;1;06.2012-06.2013
Road Bikes;Red;52;0,00;1;6;1;19.42;"L ";486,7066;782,99;782,99;1,6087;1;06.2012-06.2013
Road Bikes;Red;52;0,00;2;7;1;19.42;"L ";486,7066;782,99;782,99;1,6087;1;06.2012-06.2013
Road Bikes;Red;52;0,00;3;8;1;19.42;"L ";486,7066;782,99;782,99;1,6087;5;06.2012-06.2013
Road Bikes;Red;52;0,00;4;9;1;19.42;"L ";486,7066;782,99;782,99;1,6087;1;06.2012-06.2013
Road Bikes;Red;52;0,00;5;10;1;19.42;"L ";486,7066;782,99;782,99;1,6087;3;06.2012-06.2013
Road Bikes;Red;52;0,00;6;11;1;19.42;"L ";486,7066;782,99;782,99;1,6087;2;06.2012-06.2013
Road Bikes;Red;52;0,00;7;12;1;19.42;"L ";486,7066;782,99;782,99;1,6087;3;06.2012-06.2013
Road Bikes;Red;52;0,00;8;1;0;15.42;"H ";1518,7864;2443,35;1466,01;0,9652;26;06.2012-06.2013
Road Bikes;Red;52;0,00;9;2;0;15.42;"H ";1518,7864;2443,35;1466,01;0,9652;41;06.2012-06.2013
Road Bikes;Red;52;0,00;10;3;0;15.42;"H ";1518,7864;2443,35;1466,01;0,9652;60;06.2012-06.2013
Road Bikes;Red;52;0,00;11;4;0;15.42;"H ";1518,7864;2443,35;1466,01;0,9652;32;06.2012-06.2013
Road Bikes;Red;52;0,00;1;6;0;15.42;"H ";1518,7864;2443,35;1466,01;0,9652;76;06.2012-06.2013
Road Bikes;Red;52;0,00;2;7;0;15.42;"H ";1518,7864;2443,35;1466,01;0,9652;40;06.2012-06.2013
Road Bikes;Red;52;0,00;3;8;0;15.42;"H ";1518,7864;2443,35;1466,01;0,9652;24;06.2012-06.2013
Road Bikes;Red;52;0,00;4;9;0;15.42;"H ";1518,7864;2443,35;1466,01;0,9652;76;06.2012-06.2013
Road Bikes;Red;52;0,00;5;10;0;15.42;"H ";1518,7864;2443,35;1466,01;0,9652;34;06.2012-06.2013
Road Bikes;Red;52;0,00;6;11;0;15.42;"H ";1518,7864;2443,35;1466,01;0,9652;12;06.2012-06.2013
Road Bikes;Red;52;0,00;7;12;0;15.42;"H ";1518,7864;2443,35;1466,01;0,9652;48;06.2012-06.2013
Road Bikes;Red;52;0,00;8;1;0;15.42;"H ";1518,7864;2443,35;2443,35;1,6087;8;06.2012-06.2013
Road Bikes;Red;52;0,00;9;2;0;15.42;"H ";1518,7864;2443,35;2443,35;1,6087;11;06.2012-06.2013
Road Bikes;Red;52;0,00;10;3;0;15.42;"H ";1518,7864;2443,35;2443,35;1,6087;8;06.2012-06.2013
Road Bikes;Red;52;0,00;11;4;0;15.42;"H ";1518,7864;2443,35;2443,35;1,6087;9;06.2012-06.2013
Road Bikes;Red;52;0,00;12;5;0;15.42;"H ";1518,7864;2443,35;2443,35;1,6087;7;06.2012-06.2013
Road Bikes;Red;52;0,00;1;6;0;15.42;"H ";1518,7864;2443,35;2443,35;1,6087;22;06.2012-06.2013
Road Bikes;Red;52;0,00;2;7;0;15.42;"H ";1518,7864;2443,35;2443,35;1,6087;19;06.2012-06.2013
Road Bikes;Red;52;0,00;3;8;0;15.42;"H ";1518,7864;2443,35;2443,35;1,6087;11;06.2012-06.2013
Road Bikes;Red;52;0,00;4;9;0;15.42;"H ";1518,7864;2443,35;2443,35;1,6087;9;06.2012-06.2013
Road Bikes;Red;52;0,00;5;10;0;15.42;"H ";1518,7864;2443,35;2443,35;1,6087;12;06.2012-06.2013
Road Bikes;Red;52;0,00;6;11;0;15.42;"H ";1518,7864;2443,35;2443,35;1,6087;10;06.2012-06.2013
Road Bikes;Red;52;0,00;7;12;0;15.42;"H ";1518,7864;2443,35;2443,35;1,6087;7;06.2012-06.2013
Road Bikes;Red;58;0,00;8;1;1;19.79;"L ";486,7066;782,99;469,794;0,9652;12;06.2012-06.2013
Road Bikes;Red;58;0,00;9;2;1;19.79;"L ";486,7066;782,99;469,794;0,9652;16;06.2012-06.2013
Road Bikes;Red;58;0,00;10;3;1;19.79;"L ";486,7066;782,99;469,794;0,9652;45;06.2012-06.2013
Road Bikes;Red;58;0,00;11;4;1;19.79;"L ";486,7066;782,99;469,794;0,9652;25;06.2012-06.2013
Road Bikes;Red;58;0,00;1;6;1;19.79;"L ";486,7066;782,99;469,794;0,9652;64;06.2012-06.2013
Road Bikes;Red;58;0,00;2;7;1;19.79;"L ";486,7066;782,99;469,794;0,9652;33;06.2012-06.2013
Road Bikes;Red;58;0,00;3;8;1;19.79;"L ";486,7066;782,99;469,794;0,9652;16;06.2012-06.2013
Road Bikes;Red;58;0,00;4;9;1;19.79;"L ";486,7066;782,99;469,794;0,9652;52;06.2012-06.2013
Road Bikes;Red;58;0,00;5;10;1;19.79;"L ";486,7066;782,99;469,794;0,9652;18;06.2012-06.2013
Road Bikes;Red;58;0,00;6;11;1;19.79;"L ";486,7066;782,99;469,794;0,9652;20;06.2012-06.2013
Road Bikes;Red;58;0,00;7;12;1;19.79;"L ";486,7066;782,99;469,794;0,9652;54;06.2012-06.2013
Road Bikes;Red;58;0,00;8;1;1;19.79;"L ";486,7066;782,99;782,99;1,6087;6;06.2012-06.2013
Road Bikes;Red;58;0,00;10;3;1;19.79;"L ";486,7066;782,99;782,99;1,6087;10;06.2012-06.2013
Road Bikes;Red;58;0,00;11;4;1;19.79;"L ";486,7066;782,99;782,99;1,6087;8;06.2012-06.2013
Road Bikes;Red;58;0,00;12;5;1;19.79;"L ";486,7066;782,99;782,99;1,6087;6;06.2012-06.2013
Road Bikes;Red;58;0,00;1;6;1;19.79;"L ";486,7066;782,99;782,99;1,6087;3;06.2012-06.2013
Road Bikes;Red;58;0,00;2;7;1;19.79;"L ";486,7066;782,99;782,99;1,6087;3;06.2012-06.2013
Road Bikes;Red;58;0,00;3;8;1;19.79;"L ";486,7066;782,99;782,99;1,6087;3;06.2012-06.2013
Road Bikes;Red;58;0,00;4;9;1;19.79;"L ";486,7066;782,99;782,99;1,6087;5;06.2012-06.2013
Road Bikes;Red;58;0,00;5;10;1;19.79;"L ";486,7066;782,99;782,99;1,6087;7;06.2012-06.2013
Road Bikes;Red;58;0,00;6;11;1;19.79;"L ";486,7066;782,99;782,99;1,6087;2;06.2012-06.2013
Road Bikes;Red;58;0,00;7;12;1;19.79;"L ";486,7066;782,99;782,99;1,6087;2;06.2012-06.2013
Road Bikes;Red;58;0,00;8;1;0;15.79;"H ";1554,9479;2443,35;1308,9375;0,8417;27;06.2012-06.2013
Road Bikes;Red;58;0,00;9;2;0;15.79;"H ";1554,9479;2443,35;1308,9375;0,8417;17;06.2012-06.2013
Road Bikes;Red;58;0,00;10;3;0;15.79;"H ";1554,9479;2443,35;1308,9375;0,8417;46;06.2012-06.2013
Road Bikes;Red;58;0,00;11;4;0;15.79;"H ";1554,9479;2443,35;1308,9375;0,8417;23;06.2012-06.2013
Road Bikes;Red;58;0,00;1;6;0;15.79;"H ";1554,9479;2443,35;1308,9375;0,8417;49;06.2012-06.2013
Road Bikes;Red;58;0,00;2;7;0;15.79;"H ";1554,9479;2443,35;1308,9375;0,8417;18;06.2012-06.2013
Road Bikes;Red;58;0,00;3;8;0;15.79;"H ";1554,9479;2443,35;1308,9375;0,8417;14;06.2012-06.2013
Road Bikes;Red;58;0,00;4;9;0;15.79;"H ";1554,9479;2443,35;1308,9375;0,8417;48;06.2012-06.2013
Road Bikes;Red;58;0,00;5;10;0;15.79;"H ";1554,9479;2443,35;1308,9375;0,8417;24;06.2012-06.2013
Road Bikes;Red;58;0,00;6;11;0;15.79;"H ";1554,9479;2443,35;1308,9375;0,8417;8;06.2012-06.2013
Road Bikes;Red;58;0,00;7;12;0;15.79;"H ";1554,9479;2443,35;1308,9375;0,8417;50;06.2012-06.2013
Road Bikes;Red;58;0,00;8;1;0;15.79;"H ";1554,9479;2443,35;2181,5625;1,4029;6;06.2012-06.2013
Road Bikes;Red;58;0,00;9;2;0;15.79;"H ";1554,9479;2443,35;2181,5625;1,4029;6;06.2012-06.2013
Road Bikes;Red;58;0,00;10;3;0;15.79;"H ";1554,9479;2443,35;2181,5625;1,4029;15;06.2012-06.2013
Road Bikes;Red;58;0,00;11;4;0;15.79;"H ";1554,9479;2443,35;2181,5625;1,4029;15;06.2012-06.2013
Road Bikes;Red;58;0,00;12;5;0;15.79;"H ";1554,9479;2443,35;2181,5625;1,4029;9;06.2012-06.2013
Road Bikes;Red;58;0,00;1;6;0;15.79;"H ";1554,9479;2443,35;2181,5625;1,4029;20;06.2012-06.2013
Road Bikes;Red;58;0,00;2;7;0;15.79;"H ";1554,9479;2443,35;2181,5625;1,4029;22;06.2012-06.2013
Road Bikes;Red;58;0,00;3;8;0;15.79;"H ";1554,9479;2443,35;2181,5625;1,4029;16;06.2012-06.2013
Road Bikes;Red;58;0,00;4;9;0;15.79;"H ";1554,9479;2443,35;2181,5625;1,4029;17;06.2012-06.2013
Road Bikes;Red;58;0,00;5;10;0;15.79;"H ";1554,9479;2443,35;2181,5625;1,4029;18;06.2012-06.2013
Road Bikes;Red;58;0,00;6;11;0;15.79;"H ";1554,9479;2443,35;2181,5625;1,4029;13;06.2012-06.2013
Road Bikes;Red;58;0,00;7;12;0;15.79;"H ";1554,9479;2443,35;2181,5625;1,4029;13;06.2012-06.2013
Road Bikes;Red;60;0,05;2;7;1;19.90;"L ";486,7066;782,99;409,1123;0,8405;61;06.2012-06.2013
Road Bikes;Red;60;0,05;5;10;1;19.90;"L ";486,7066;782,99;409,1123;0,8405;17;06.2012-06.2013
Road Bikes;Red;60;0,02;9;2;1;19.90;"L ";486,7066;782,99;445,0515;0,9144;24;06.2012-06.2013
Road Bikes;Red;60;0,02;10;3;1;19.90;"L ";486,7066;782,99;445,0515;0,9144;13;06.2012-06.2013
Road Bikes;Red;60;0,02;11;4;1;19.90;"L ";486,7066;782,99;445,0515;0,9144;25;06.2012-06.2013
Road Bikes;Red;60;0,02;1;6;1;19.90;"L ";486,7066;782,99;445,0515;0,9144;23;06.2012-06.2013
Road Bikes;Red;60;0,02;2;7;1;19.90;"L ";486,7066;782,99;445,0515;0,9144;13;06.2012-06.2013
Road Bikes;Red;60;0,02;3;8;1;19.90;"L ";486,7066;782,99;445,0515;0,9144;36;06.2012-06.2013
Road Bikes;Red;60;0,02;5;10;1;19.90;"L ";486,7066;782,99;445,0515;0,9144;34;06.2012-06.2013
Road Bikes;Red;60;0,02;7;12;1;19.90;"L ";486,7066;782,99;445,0515;0,9144;25;06.2012-06.2013
Road Bikes;Red;60;0,00;8;1;1;19.90;"L ";486,7066;782,99;469,794;0,9652;74;06.2012-06.2013
Road Bikes;Red;60;0,00;9;2;1;19.90;"L ";486,7066;782,99;469,794;0,9652;87;06.2012-06.2013
Road Bikes;Red;60;0,00;10;3;1;19.90;"L ";486,7066;782,99;469,794;0,9652;126;06.2012-06.2013
Road Bikes;Red;60;0,00;11;4;1;19.90;"L ";486,7066;782,99;469,794;0,9652;83;06.2012-06.2013
Road Bikes;Red;60;0,00;1;6;1;19.90;"L ";486,7066;782,99;469,794;0,9652;125;06.2012-06.2013
Road Bikes;Red;60;0,00;2;7;1;19.90;"L ";486,7066;782,99;469,794;0,9652;76;06.2012-06.2013
Road Bikes;Red;60;0,00;3;8;1;19.90;"L ";486,7066;782,99;469,794;0,9652;73;06.2012-06.2013
Road Bikes;Red;60;0,00;4;9;1;19.90;"L ";486,7066;782,99;469,794;0,9652;135;06.2012-06.2013
Road Bikes;Red;60;0,00;5;10;1;19.90;"L ";486,7066;782,99;469,794;0,9652;73;06.2012-06.2013
Road Bikes;Red;60;0,00;6;11;1;19.90;"L ";486,7066;782,99;469,794;0,9652;93;06.2012-06.2013
Road Bikes;Red;60;0,00;7;12;1;19.90;"L ";486,7066;782,99;469,794;0,9652;118;06.2012-06.2013
Road Bikes;Red;60;0,00;8;1;1;19.90;"L ";486,7066;782,99;782,99;1,6087;3;06.2012-06.2013
Road Bikes;Red;60;0,00;10;3;1;19.90;"L ";486,7066;782,99;782,99;1,6087;6;06.2012-06.2013
Road Bikes;Red;60;0,00;11;4;1;19.90;"L ";486,7066;782,99;782,99;1,6087;2;06.2012-06.2013
Road Bikes;Red;60;0,00;12;5;1;19.90;"L ";486,7066;782,99;782,99;1,6087;3;06.2012-06.2013
Road Bikes;Red;60;0,00;1;6;1;19.90;"L ";486,7066;782,99;782,99;1,6087;2;06.2012-06.2013
Road Bikes;Red;60;0,00;2;7;1;19.90;"L ";486,7066;782,99;782,99;1,6087;3;06.2012-06.2013
Road Bikes;Red;60;0,00;3;8;1;19.90;"L ";486,7066;782,99;782,99;1,6087;1;06.2012-06.2013
Road Bikes;Red;60;0,00;4;9;1;19.90;"L ";486,7066;782,99;782,99;1,6087;6;06.2012-06.2013
Road Bikes;Red;60;0,00;5;10;1;19.90;"L ";486,7066;782,99;782,99;1,6087;7;06.2012-06.2013
Road Bikes;Red;60;0,00;6;11;1;19.90;"L ";486,7066;782,99;782,99;1,6087;1;06.2012-06.2013
Road Bikes;Red;60;0,00;7;12;1;19.90;"L ";486,7066;782,99;782,99;1,6087;2;06.2012-06.2013
Road Bikes;Red;62;0,05;2;7;1;20.00;"L ";486,7066;782,99;409,1123;0,8405;33;06.2012-06.2013
Road Bikes;Red;62;0,02;9;2;1;20.00;"L ";486,7066;782,99;445,0515;0,9144;25;06.2012-06.2013
Road Bikes;Red;62;0,02;10;3;1;20.00;"L ";486,7066;782,99;445,0515;0,9144;12;06.2012-06.2013
Road Bikes;Red;62;0,02;11;4;1;20.00;"L ";486,7066;782,99;445,0515;0,9144;23;06.2012-06.2013
Road Bikes;Red;62;0,02;2;7;1;20.00;"L ";486,7066;782,99;445,0515;0,9144;24;06.2012-06.2013
Road Bikes;Red;62;0,02;3;8;1;20.00;"L ";486,7066;782,99;445,0515;0,9144;13;06.2012-06.2013
Road Bikes;Red;62;0,00;8;1;1;20.00;"L ";486,7066;782,99;469,794;0,9652;78;06.2012-06.2013
Road Bikes;Red;62;0,00;9;2;1;20.00;"L ";486,7066;782,99;469,794;0,9652;63;06.2012-06.2013
Road Bikes;Red;62;0,00;10;3;1;20.00;"L ";486,7066;782,99;469,794;0,9652;115;06.2012-06.2013
Road Bikes;Red;62;0,00;11;4;1;20.00;"L ";486,7066;782,99;469,794;0,9652;73;06.2012-06.2013
Road Bikes;Red;62;0,00;1;6;1;20.00;"L ";486,7066;782,99;469,794;0,9652;131;06.2012-06.2013
Road Bikes;Red;62;0,00;2;7;1;20.00;"L ";486,7066;782,99;469,794;0,9652;56;06.2012-06.2013
Road Bikes;Red;62;0,00;3;8;1;20.00;"L ";486,7066;782,99;469,794;0,9652;92;06.2012-06.2013
Road Bikes;Red;62;0,00;4;9;1;20.00;"L ";486,7066;782,99;469,794;0,9652;114;06.2012-06.2013
Road Bikes;Red;62;0,00;5;10;1;20.00;"L ";486,7066;782,99;469,794;0,9652;92;06.2012-06.2013
Road Bikes;Red;62;0,00;6;11;1;20.00;"L ";486,7066;782,99;469,794;0,9652;82;06.2012-06.2013
Road Bikes;Red;62;0,00;7;12;1;20.00;"L ";486,7066;782,99;469,794;0,9652;107;06.2012-06.2013
Road Bikes;Red;62;0,00;8;1;1;20.00;"L ";486,7066;782,99;782,99;1,6087;4;06.2012-06.2013
Road Bikes;Red;62;0,00;9;2;1;20.00;"L ";486,7066;782,99;782,99;1,6087;5;06.2012-06.2013
Road Bikes;Red;62;0,00;10;3;1;20.00;"L ";486,7066;782,99;782,99;1,6087;4;06.2012-06.2013
Road Bikes;Red;62;0,00;11;4;1;20.00;"L ";486,7066;782,99;782,99;1,6087;5;06.2012-06.2013
Road Bikes;Red;62;0,00;0;5;0;20.00;"L ";486,7066;782,99;782,99;1,6087;6;06.2012-06.2013
Road Bikes;Red;62;0,00;1;6;1;20.00;"L ";486,7066;782,99;782,99;1,6087;4;06.2012-06.2013
Road Bikes;Red;62;0,00;2;7;1;20.00;"L ";486,7066;782,99;782,99;1,6087;1;06.2012-06.2013
Road Bikes;Red;62;0,00;3;8;1;20.00;"L ";486,7066;782,99;782,99;1,6087;6;06.2012-06.2013
Road Bikes;Red;62;0,00;4;9;1;20.00;"L ";486,7066;782,99;782,99;1,6087;4;06.2012-06.2013
Road Bikes;Red;62;0,00;5;10;1;20.00;"L ";486,7066;782,99;782,99;1,6087;7;06.2012-06.2013
Road Bikes;Red;62;0,00;6;11;1;20.00;"L ";486,7066;782,99;782,99;1,6087;5;06.2012-06.2013
Road Bikes;Red;62;0,00;7;12;1;20.00;"L ";486,7066;782,99;782,99;1,6087;8;06.2012-06.2013
Road Bikes;Yellow;38;0,00;8;1;0;17.35;"M ";713,0798;1120,49;600,2625;0,8417;44;06.2012-06.2013
Road Bikes;Yellow;38;0,00;9;2;0;17.35;"M ";713,0798;1120,49;600,2625;0,8417;60;06.2012-06.2013
Road Bikes;Yellow;38;0,00;10;3;0;17.35;"M ";713,0798;1120,49;600,2625;0,8417;85;06.2012-06.2013
Road Bikes;Yellow;38;0,00;11;4;0;17.35;"M ";713,0798;1120,49;600,2625;0,8417;48;06.2012-06.2013
Road Bikes;Yellow;38;0,00;1;6;0;17.35;"M ";713,0798;1120,49;600,2625;0,8417;89;06.2012-06.2013
Road Bikes;Yellow;38;0,00;2;7;0;17.35;"M ";713,0798;1120,49;600,2625;0,8417;70;06.2012-06.2013
Road Bikes;Yellow;38;0,00;3;8;0;17.35;"M ";713,0798;1120,49;600,2625;0,8417;55;06.2012-06.2013
Road Bikes;Yellow;38;0,00;4;9;0;17.35;"M ";713,0798;1120,49;600,2625;0,8417;81;06.2012-06.2013
Road Bikes;Yellow;38;0,00;5;10;0;17.35;"M ";713,0798;1120,49;600,2625;0,8417;62;06.2012-06.2013
Road Bikes;Yellow;38;0,00;6;11;0;17.35;"M ";713,0798;1120,49;600,2625;0,8417;41;06.2012-06.2013
Road Bikes;Yellow;38;0,00;7;12;0;17.35;"M ";713,0798;1120,49;600,2625;0,8417;68;06.2012-06.2013
Road Bikes;Yellow;38;0,00;8;1;0;17.35;"M ";713,0798;1120,49;1000,4375;1,4029;6;06.2012-06.2013
Road Bikes;Yellow;38;0,00;9;2;0;17.35;"M ";713,0798;1120,49;1000,4375;1,4029;7;06.2012-06.2013
Road Bikes;Yellow;38;0,00;10;3;0;17.35;"M ";713,0798;1120,49;1000,4375;1,4029;2;06.2012-06.2013
Road Bikes;Yellow;38;0,00;11;4;0;17.35;"M ";713,0798;1120,49;1000,4375;1,4029;15;06.2012-06.2013
Road Bikes;Yellow;38;0,00;0;5;0;17.35;"M ";713,0798;1120,49;1000,4375;1,4029;13;06.2012-06.2013
Road Bikes;Yellow;38;0,00;1;6;0;17.35;"M ";713,0798;1120,49;1000,4375;1,4029;4;06.2012-06.2013
Road Bikes;Yellow;38;0,00;2;7;0;17.35;"M ";713,0798;1120,49;1000,4375;1,4029;6;06.2012-06.2013
Road Bikes;Yellow;38;0,00;3;8;0;17.35;"M ";713,0798;1120,49;1000,4375;1,4029;1;06.2012-06.2013
Road Bikes;Yellow;38;0,00;4;9;0;17.35;"M ";713,0798;1120,49;1000,4375;1,4029;3;06.2012-06.2013
Road Bikes;Yellow;38;0,00;5;10;0;17.35;"M ";713,0798;1120,49;1000,4375;1,4029;4;06.2012-06.2013
Road Bikes;Yellow;38;0,00;6;11;0;17.35;"M ";713,0798;1120,49;1000,4375;1,4029;7;06.2012-06.2013
Road Bikes;Yellow;38;0,00;7;12;0;17.35;"M ";713,0798;1120,49;1000,4375;1,4029;4;06.2012-06.2013
Road Bikes;Yellow;40;0,00;8;1;0;17.77;"M ";713,0798;1120,49;600,2625;0,8417;37;06.2012-06.2013
Road Bikes;Yellow;40;0,00;9;2;0;17.77;"M ";713,0798;1120,49;600,2625;0,8417;33;06.2012-06.2013
Road Bikes;Yellow;40;0,00;10;3;0;17.77;"M ";713,0798;1120,49;600,2625;0,8417;81;06.2012-06.2013
Road Bikes;Yellow;40;0,00;11;4;0;17.77;"M ";713,0798;1120,49;600,2625;0,8417;41;06.2012-06.2013
Road Bikes;Yellow;40;0,00;1;6;0;17.77;"M ";713,0798;1120,49;600,2625;0,8417;90;06.2012-06.2013
Road Bikes;Yellow;40;0,00;2;7;0;17.77;"M ";713,0798;1120,49;600,2625;0,8417;65;06.2012-06.2013
Road Bikes;Yellow;40;0,00;3;8;0;17.77;"M ";713,0798;1120,49;600,2625;0,8417;36;06.2012-06.2013
Road Bikes;Yellow;40;0,00;4;9;0;17.77;"M ";713,0798;1120,49;600,2625;0,8417;79;06.2012-06.2013
Road Bikes;Yellow;40;0,00;5;10;0;17.77;"M ";713,0798;1120,49;600,2625;0,8417;41;06.2012-06.2013
Road Bikes;Yellow;40;0,00;6;11;0;17.77;"M ";713,0798;1120,49;600,2625;0,8417;44;06.2012-06.2013
Road Bikes;Yellow;40;0,00;7;12;0;17.77;"M ";713,0798;1120,49;600,2625;0,8417;69;06.2012-06.2013
Road Bikes;Yellow;40;0,00;8;1;0;17.77;"M ";713,0798;1120,49;1000,4375;1,4029;5;06.2012-06.2013
Road Bikes;Yellow;40;0,00;9;2;0;17.77;"M ";713,0798;1120,49;1000,4375;1,4029;3;06.2012-06.2013
Road Bikes;Yellow;40;0,00;10;3;0;17.77;"M ";713,0798;1120,49;1000,4375;1,4029;7;06.2012-06.2013
Road Bikes;Yellow;40;0,00;11;4;0;17.77;"M ";713,0798;1120,49;1000,4375;1,4029;7;06.2012-06.2013
Road Bikes;Yellow;40;0,00;12;5;0;17.77;"M ";713,0798;1120,49;1000,4375;1,4029;8;06.2012-06.2013
Road Bikes;Yellow;40;0,00;1;6;0;17.77;"M ";713,0798;1120,49;1000,4375;1,4029;3;06.2012-06.2013
Road Bikes;Yellow;40;0,00;2;7;0;17.77;"M ";713,0798;1120,49;1000,4375;1,4029;2;06.2012-06.2013
Road Bikes;Yellow;40;0,00;3;8;0;17.77;"M ";713,0798;1120,49;1000,4375;1,4029;6;06.2012-06.2013
Road Bikes;Yellow;40;0,00;4;9;0;17.77;"M ";713,0798;1120,49;1000,4375;1,4029;6;06.2012-06.2013
Road Bikes;Yellow;40;0,00;5;10;0;17.77;"M ";713,0798;1120,49;1000,4375;1,4029;6;06.2012-06.2013
Road Bikes;Yellow;40;0,00;6;11;0;17.77;"M ";713,0798;1120,49;1000,4375;1,4029;5;06.2012-06.2013
Road Bikes;Yellow;40;0,00;7;12;0;17.77;"M ";713,0798;1120,49;1000,4375;1,4029;9;06.2012-06.2013
Road Bikes;Yellow;42;0,00;8;1;0;18.13;"M ";713,0798;1120,49;600,2625;0,8417;22;06.2012-06.2013
Road Bikes;Yellow;42;0,00;9;2;0;18.13;"M ";713,0798;1120,49;600,2625;0,8417;27;06.2012-06.2013
Road Bikes;Yellow;42;0,00;10;3;0;18.13;"M ";713,0798;1120,49;600,2625;0,8417;63;06.2012-06.2013
Road Bikes;Yellow;42;0,00;11;4;0;18.13;"M ";713,0798;1120,49;600,2625;0,8417;44;06.2012-06.2013
Road Bikes;Yellow;42;0,00;1;6;0;18.13;"M ";713,0798;1120,49;600,2625;0,8417;74;06.2012-06.2013
Road Bikes;Yellow;42;0,00;2;7;0;18.13;"M ";713,0798;1120,49;600,2625;0,8417;40;06.2012-06.2013
Road Bikes;Yellow;42;0,00;3;8;0;18.13;"M ";713,0798;1120,49;600,2625;0,8417;23;06.2012-06.2013
Road Bikes;Yellow;42;0,00;4;9;0;18.13;"M ";713,0798;1120,49;600,2625;0,8417;79;06.2012-06.2013
Road Bikes;Yellow;42;0,00;5;10;0;18.13;"M ";713,0798;1120,49;600,2625;0,8417;32;06.2012-06.2013
Road Bikes;Yellow;42;0,00;6;11;0;18.13;"M ";713,0798;1120,49;600,2625;0,8417;14;06.2012-06.2013
Road Bikes;Yellow;42;0,00;7;12;0;18.13;"M ";713,0798;1120,49;600,2625;0,8417;50;06.2012-06.2013
Road Bikes;Yellow;42;0,00;8;1;0;18.13;"M ";713,0798;1120,49;1000,4375;1,4029;3;06.2012-06.2013
Road Bikes;Yellow;42;0,00;9;2;0;18.13;"M ";713,0798;1120,49;1000,4375;1,4029;3;06.2012-06.2013
Road Bikes;Yellow;42;0,00;10;3;0;18.13;"M ";713,0798;1120,49;1000,4375;1,4029;14;06.2012-06.2013
Road Bikes;Yellow;42;0,00;11;4;0;18.13;"M ";713,0798;1120,49;1000,4375;1,4029;5;06.2012-06.2013
Road Bikes;Yellow;42;0,00;12;5;0;18.13;"M ";713,0798;1120,49;1000,4375;1,4029;6;06.2012-06.2013
Road Bikes;Yellow;42;0,00;1;6;0;18.13;"M ";713,0798;1120,49;1000,4375;1,4029;5;06.2012-06.2013
Road Bikes;Yellow;42;0,00;2;7;0;18.13;"M ";713,0798;1120,49;1000,4375;1,4029;5;06.2012-06.2013
Road Bikes;Yellow;42;0,00;3;8;0;18.13;"M ";713,0798;1120,49;1000,4375;1,4029;4;06.2012-06.2013
Road Bikes;Yellow;42;0,00;4;9;0;18.13;"M ";713,0798;1120,49;1000,4375;1,4029;5;06.2012-06.2013
Road Bikes;Yellow;42;0,00;5;10;0;18.13;"M ";713,0798;1120,49;1000,4375;1,4029;5;06.2012-06.2013
Road Bikes;Yellow;42;0,00;6;11;0;18.13;"M ";713,0798;1120,49;1000,4375;1,4029;10;06.2012-06.2013
Road Bikes;Yellow;42;0,00;7;12;0;18.13;"M ";713,0798;1120,49;1000,4375;1,4029;3;06.2012-06.2013
Road Bikes;Yellow;44;0,00;8;1;0;18.42;"M ";713,0798;1120,49;600,2625;0,8417;21;06.2012-06.2013
Road Bikes;Yellow;44;0,00;9;2;0;18.42;"M ";713,0798;1120,49;600,2625;0,8417;23;06.2012-06.2013
Road Bikes;Yellow;44;0,00;10;3;0;18.42;"M ";713,0798;1120,49;600,2625;0,8417;41;06.2012-06.2013
Road Bikes;Yellow;44;0,00;11;4;0;18.42;"M ";713,0798;1120,49;600,2625;0,8417;22;06.2012-06.2013
Road Bikes;Yellow;44;0,00;1;6;0;18.42;"M ";713,0798;1120,49;600,2625;0,8417;43;06.2012-06.2013
Road Bikes;Yellow;44;0,00;2;7;0;18.42;"M ";713,0798;1120,49;600,2625;0,8417;28;06.2012-06.2013
Road Bikes;Yellow;44;0,00;3;8;0;18.42;"M ";713,0798;1120,49;600,2625;0,8417;21;06.2012-06.2013
Road Bikes;Yellow;44;0,00;4;9;0;18.42;"M ";713,0798;1120,49;600,2625;0,8417;46;06.2012-06.2013
Road Bikes;Yellow;44;0,00;5;10;0;18.42;"M ";713,0798;1120,49;600,2625;0,8417;19;06.2012-06.2013
Road Bikes;Yellow;44;0,00;6;11;0;18.42;"M ";713,0798;1120,49;600,2625;0,8417;17;06.2012-06.2013
Road Bikes;Yellow;44;0,00;7;12;0;18.42;"M ";713,0798;1120,49;600,2625;0,8417;48;06.2012-06.2013
Road Bikes;Yellow;44;0,00;8;1;0;18.42;"M ";713,0798;1120,49;1000,4375;1,4029;10;06.2012-06.2013
Road Bikes;Yellow;44;0,00;9;2;0;18.42;"M ";713,0798;1120,49;1000,4375;1,4029;6;06.2012-06.2013
Road Bikes;Yellow;44;0,00;10;3;0;18.42;"M ";713,0798;1120,49;1000,4375;1,4029;7;06.2012-06.2013
Road Bikes;Yellow;44;0,00;11;4;0;18.42;"M ";713,0798;1120,49;1000,4375;1,4029;16;06.2012-06.2013
Road Bikes;Yellow;44;0,00;12;5;0;18.42;"M ";713,0798;1120,49;1000,4375;1,4029;6;06.2012-06.2013
Road Bikes;Yellow;44;0,00;1;6;0;18.42;"M ";713,0798;1120,49;1000,4375;1,4029;5;06.2012-06.2013
Road Bikes;Yellow;44;0,00;2;7;0;18.42;"M ";713,0798;1120,49;1000,4375;1,4029;2;06.2012-06.2013
Road Bikes;Yellow;44;0,00;3;8;0;18.42;"M ";713,0798;1120,49;1000,4375;1,4029;4;06.2012-06.2013
Road Bikes;Yellow;44;0,00;4;9;0;18.42;"M ";713,0798;1120,49;1000,4375;1,4029;3;06.2012-06.2013
Road Bikes;Yellow;44;0,00;5;10;0;18.42;"M ";713,0798;1120,49;1000,4375;1,4029;3;06.2012-06.2013
Road Bikes;Yellow;44;0,00;6;11;0;18.42;"M ";713,0798;1120,49;1000,4375;1,4029;9;06.2012-06.2013
Road Bikes;Yellow;44;0,00;7;12;0;18.42;"M ";713,0798;1120,49;1000,4375;1,4029;6;06.2012-06.2013
Road Bikes;Yellow;48;0,05;2;7;0;18.68;"M ";713,0798;1120,49;522,7286;0,733;16;06.2012-06.2013
Road Bikes;Yellow;48;0,02;11;4;0;18.68;"M ";713,0798;1120,49;568,6487;0,7974;12;06.2012-06.2013
Road Bikes;Yellow;48;0,00;8;1;0;18.68;"M ";713,0798;1120,49;600,2625;0,8417;46;06.2012-06.2013
Road Bikes;Yellow;48;0,00;9;2;0;18.68;"M ";713,0798;1120,49;600,2625;0,8417;53;06.2012-06.2013
Road Bikes;Yellow;48;0,00;10;3;0;18.68;"M ";713,0798;1120,49;600,2625;0,8417;86;06.2012-06.2013
Road Bikes;Yellow;48;0,00;11;4;0;18.68;"M ";713,0798;1120,49;600,2625;0,8417;44;06.2012-06.2013
Road Bikes;Yellow;48;0,00;1;6;0;18.68;"M ";713,0798;1120,49;600,2625;0,8417;84;06.2012-06.2013
Road Bikes;Yellow;48;0,00;2;7;0;18.68;"M ";713,0798;1120,49;600,2625;0,8417;54;06.2012-06.2013
Road Bikes;Yellow;48;0,00;3;8;0;18.68;"M ";713,0798;1120,49;600,2625;0,8417;68;06.2012-06.2013
Road Bikes;Yellow;48;0,00;4;9;0;18.68;"M ";713,0798;1120,49;600,2625;0,8417;76;06.2012-06.2013
Road Bikes;Yellow;48;0,00;5;10;0;18.68;"M ";713,0798;1120,49;600,2625;0,8417;56;06.2012-06.2013
Road Bikes;Yellow;48;0,00;6;11;0;18.68;"M ";713,0798;1120,49;600,2625;0,8417;37;06.2012-06.2013
Road Bikes;Yellow;48;0,00;7;12;0;18.68;"M ";713,0798;1120,49;600,2625;0,8417;70;06.2012-06.2013
Road Bikes;Yellow;48;0,00;8;1;0;18.68;"M ";713,0798;1120,49;1000,4375;1,4029;6;06.2012-06.2013
Road Bikes;Yellow;48;0,00;9;2;0;18.68;"M ";713,0798;1120,49;1000,4375;1,4029;6;06.2012-06.2013
Road Bikes;Yellow;48;0,00;10;3;0;18.68;"M ";713,0798;1120,49;1000,4375;1,4029;7;06.2012-06.2013
Road Bikes;Yellow;48;0,00;11;4;0;18.68;"M ";713,0798;1120,49;1000,4375;1,4029;11;06.2012-06.2013
Road Bikes;Yellow;48;0,00;12;5;0;18.68;"M ";713,0798;1120,49;1000,4375;1,4029;6;06.2012-06.2013
Road Bikes;Yellow;48;0,00;2;7;0;18.68;"M ";713,0798;1120,49;1000,4375;1,4029;6;06.2012-06.2013
Road Bikes;Yellow;48;0,00;3;8;0;18.68;"M ";713,0798;1120,49;1000,4375;1,4029;7;06.2012-06.2013
Road Bikes;Yellow;48;0,00;4;9;0;18.68;"M ";713,0798;1120,49;1000,4375;1,4029;4;06.2012-06.2013
Road Bikes;Yellow;48;0,00;5;10;0;18.68;"M ";713,0798;1120,49;1000,4375;1,4029;5;06.2012-06.2013
Road Bikes;Yellow;48;0,00;6;11;0;18.68;"M ";713,0798;1120,49;1000,4375;1,4029;11;06.2012-06.2013
Road Bikes;Yellow;48;0,00;7;12;0;18.68;"M ";713,0798;1120,49;1000,4375;1,4029;3;06.2012-06.2013
